z_original,z_mc_highb,z_analytical,selected_original,selected_mc_highb,selected_analytical,lv_id,feature_idx,length,n_active_strata,mean_analytical,std_analytical,mean_mc_highb,std_mc_highb,b_mc_highb
8.839990852997905,4.235318433277566,4.2751846101447155,True,True,True,LV57,217,2,26,0.21476178805413568,0.15769888310832408,0.2160226163113818,0.1588855762431335,10000
7.002628041853701,4.987030691636711,5.02075900816044,True,True,True,LV246,24,2,17,0.9349356263260697,0.1682160738950042,0.9344376416367642,0.16945360982682936,10000
2.6484195702518045,1.3230233533358888,1.3156661387855941,True,False,False,LV246,7,2,26,2.156850251663967,0.2393395547293606,2.15603755777934,0.23862287911853466,10000
-2.023012214055437,-0.783458957559663,-0.7829877097707683,False,False,False,LV246,56,2,22,1.0910608354310525,0.2536956085665416,1.090719734372812,0.2531076332190333,10000
,,,False,False,False,LV57,345,2,29,0.0,,0.0,,10000
0.16155986799696456,0.12836194376552096,0.13683879492780612,False,False,False,LV57,362,2,15,0.1798685080721742,0.12975446882897268,0.181016310487074,0.12938135906146458,10000
,,,False,False,False,LV57,403,2,1,0.0,,0.0,,10000
-0.2732509521946141,,,False,False,False,LV57,407,2,3,0.0,,0.0,,10000
-4.779856548802951,-2.0286332805443057,-2.058552729514503,False,False,False,LV57,315,2,30,1.543665018839454,0.09083073489838461,1.5429884054040208,0.09183682708954541,10000
2.066608070763449,0.7451520769579715,0.7348520385085117,True,False,False,LV246,139,2,19,2.170757064034892,0.026967476560676242,2.170339545012222,0.027155026165021367,10000
,,,False,False,False,LV57,283,2,1,0.0,,0.0,,10000
1.9477072513352582,-0.10466588998278337,-0.10250558697758516,True,False,False,LV246,146,2,18,2.581352920339851,0.07507305603487441,2.5815490717579337,0.07539762089097853,10000
,,,False,False,False,LV57,333,2,28,0.0,,0.0,,10000
-0.88198953397935,-0.6212542781629082,-0.6191035362260225,False,False,False,LV57,242,2,11,0.046543293218543114,0.07517852910720747,0.04662044473535874,0.07504245262216723,10000
,,,False,False,False,LV57,205,2,6,0.0,,0.0,,10000
-0.9952630336213134,0.5806781722351603,0.5862608660989423,False,False,False,LV246,47,2,21,0.8534333325845346,0.2583507321836155,0.8552917284088977,0.2576341514733464,10000
-0.18968787340593918,,,False,False,False,LV603,449,2,4,0.0,,0.0,,10000
,,,False,False,False,LV57,264,2,9,0.0,,0.0,,10000
2.880443581098291,1.3499875773259866,1.354816005589539,True,False,False,LV246,2,3,28,3.34367222347561,0.02597676262999809,3.3439135576064087,0.025890904657771534,10000
3.5996593107868353,0.7487888634875167,0.7625093444609979,True,False,False,LV57,324,3,26,0.6353829923557028,0.1599915466934574,0.6355916827248629,0.1626444582150221,10000
4.559854400671835,0.6856622232261574,0.6882552622988386,True,False,False,LV246,158,3,17,2.5564692937340023,0.12828626813542254,2.5569156165929403,0.12812048453334582,10000
3.9873609087313926,-4.573603797097759,-4.579800357967061,True,False,False,LV246,127,3,29,3.9936495137241566,0.07140271631106301,3.9927154517433228,0.07129522761619819,10000
6.434192356784399,0.6998665933936886,0.7125339916038452,True,False,False,LV57,218,3,23,0.8943728903965071,0.20142605121701374,0.8977097133590894,0.20030401028902897,10000
7.728688167477175,0.5046269694711334,0.48642624549433244,True,False,False,LV57,213,3,23,2.0939692849591527,0.11205080969568243,2.0920366012006997,0.1118393225841097,10000
3.9974340365993113,0.10639242776263885,0.09676594087007345,True,False,False,LV246,168,3,18,2.998240627333516,0.027433561924178444,2.997977722666544,0.02742243183407125,10000
5.620737850899654,4.286095010079362,4.292860886321559,True,True,True,LV246,128,3,28,3.4254137287577606,0.0318576251749434,3.4258568191037457,0.03180453591860493,10000
3.7490019965007035,-1.4545743047976682,-1.4457843901947485,True,False,False,LV246,162,3,19,2.503787874251274,0.008567115520125922,2.503769032401197,0.008502391384973948,10000
7.732607177608448,-0.5614962818210198,-0.5738935655704973,True,False,False,LV57,207,3,19,1.6818913888623896,0.09724682326009032,1.6803469890952984,0.09664342958435344,10000
2.712198975457758,3.8665433832563005,3.8247203916487953,True,True,True,LV246,65,3,33,3.4698687903235768,0.03749133226584383,3.4699307985207613,0.03706976506477435,10000
3.670369946125746,-1.434621576402493,-1.4219083646663642,True,False,False,LV246,161,3,17,2.6973102117805627,0.045785019974800674,2.697539362734907,0.04553901524104827,10000
4.545419617051544,7.91513566233752,8.005059048371526,True,True,True,LV246,120,3,33,3.874072626184422,0.031718392646460244,3.8741241843952854,0.03207222954514903,10000
4.665712668388522,-1.021849317393355,-0.9986694155550004,True,False,False,LV246,159,3,15,2.496859320091309,0.03956791336557369,2.4974477469090153,0.03924618928702263,10000
5.899871771414987,0.3517120083311381,0.3406340003715508,True,False,False,LV57,210,3,19,1.297409550897524,0.18833987814979508,1.2955714665847666,0.1876337710206354,10000
,,,False,False,False,LV57,185,3,2,0.0,,0.0,,10000
0.1415496255419152,0.04847605962308251,0.06798232579232744,False,False,False,LV57,371,3,15,0.6731581450576017,0.13752823246827317,0.6757922625752056,0.1385296503039117,10000
,,,False,False,False,LV57,337,3,31,0.0,,0.0,,10000
,,,False,False,False,LV57,331,3,17,0.0,,0.0,,10000
,,,False,False,False,LV57,268,3,14,0.0,,0.0,,10000
1.178003789050177,-3.9434137111620706,-3.9812346494924298,False,False,False,LV246,93,3,33,3.384094006266771,0.005778601564933917,3.3841071760752617,0.005837363327935868,10000
,,,False,False,False,LV57,380,3,16,0.0,,0.0,,10000
-1.2505316823218584,-0.5376039204333876,-0.5248401468255894,False,False,False,LV246,79,3,9,1.0691038950570073,0.020225753907348647,1.069241209530129,0.02000097416485454,10000
-0.8207051434055327,-1.351964349132128,-1.3535416764835086,False,False,False,LV57,224,3,5,0.16269593378281744,0.12020016569087129,0.16244855946407596,0.12015742838807637,10000
-1.8666720430682622,-0.24659462808569518,-0.23080826921206737,False,False,False,LV246,57,3,9,0.11822555052275273,0.09091848189795916,0.11954272705807405,0.09043957751515866,10000
-0.6846332495003596,-0.1510034172811151,-0.14482773023021592,False,False,False,LV603,441,3,4,0.003017275588921632,0.020833548824699646,0.003274830637258642,0.021687129312855633,10000
0.3872865311019681,-1.2365204230285505,-1.211756948446062,False,False,False,LV57,339,3,29,0.776878091193458,0.11215710048905994,0.77803165899502,0.11084387373161811,10000
-1.665592934684384,-0.5091155120139959,-0.5021522057701904,False,False,False,LV57,301,3,6,0.3831068031705034,0.022455485429727563,0.38336108018510484,0.02264780444258502,10000
1.4070114049997606,0.7762145865182128,0.785089232542245,False,False,False,LV246,173,3,15,1.8468087587361801,0.004011395527051076,1.8468145886266931,0.004049748097807946,10000
,,,False,False,False,LV57,341,3,28,0.0,,0.0,,10000
