n,n_excluded_nan,spearman_rho_analytical_vs_mc_highb,spearman_rho_analytical_vs_original,jaccard_selected_analytical_vs_mc_highb,jaccard_selected_analytical_vs_original,max_abs_relative_std_error,max_abs_mean_diff_in_mc_se,b,length_bucket,median_active_strata,min_active_strata,strategy
8,10,0.9523809523809524,0.6428571428571429,1.0,0.5714285714285714,0.3890212069980312,1.162132215396054,10,L=2,1.0,1,promiscuity
23,7,0.9130434782608696,0.7440711462450592,1.0,0.7142857142857143,0.8859178772315339,2.094762997778465,10,L>=3,1.0,1,promiscuity
9,9,0.95,0.6833333333333333,1.0,0.5,0.5150513162962085,2.551782560217341,30,L=2,1.0,1,promiscuity
24,6,0.9695652173913042,0.766086956521739,1.0,0.7142857142857143,0.2832433408092661,1.3787110332054586,30,L>=3,1.0,1,promiscuity
10,8,0.9878787878787878,0.6484848484848483,1.0,0.5,0.2737621542860442,1.6601245820150066,100,L=2,1.0,1,promiscuity
24,6,0.9826086956521738,0.766086956521739,1.0,0.7142857142857143,0.1759644593164961,1.9554436474394936,100,L>=3,1.0,1,promiscuity
10,8,0.9878787878787878,0.6484848484848483,1.0,0.5,0.1228563840992046,1.767228974405749,300,L=2,1.0,1,promiscuity
24,6,0.9643478260869564,0.766086956521739,1.0,0.7142857142857143,0.1923833469192386,2.905038290668562,300,L>=3,1.0,1,promiscuity
10,8,1.0,0.6484848484848483,1.0,0.5,0.0473873888128264,1.262106064786937,1000,L=2,1.0,1,promiscuity
24,6,0.9921739130434782,0.766086956521739,1.0,0.7142857142857143,0.0915617278661963,2.29978186771183,1000,L>=3,1.0,1,promiscuity
10,8,1.0,0.6484848484848483,1.0,0.5,0.0674692629430462,1.9228671954766563,3000,L=2,1.0,1,promiscuity
24,6,0.9991304347826084,0.766086956521739,1.0,0.7142857142857143,0.0980450568842158,2.042722780493621,3000,L>=3,1.0,1,promiscuity
10,8,1.0,0.6484848484848483,1.0,0.5,0.0182359991726495,1.2457831393880932,10000,L=2,1.0,1,promiscuity
24,6,1.0,0.766086956521739,1.0,0.7142857142857143,0.03017896684707,2.179940982401377,10000,L>=3,1.0,1,promiscuity
10,8,0.9515151515151514,0.8060606060606059,1.0,0.6,0.5766674561467995,1.9643135783484147,10,L=2,7.0,5,metaedge_degree
23,7,0.9387351778656128,0.5622529644268774,0.75,0.9333333333333332,1.1544399900296556,2.19173114562104,10,L>=3,8.0,4,metaedge_degree
10,8,0.9636363636363636,0.8060606060606059,1.0,0.6,0.2640788124132465,2.5580266959773987,30,L=2,7.0,5,metaedge_degree
24,6,0.9982608695652172,0.588695652173913,0.9333333333333332,0.9333333333333332,0.269872757929382,1.882841440321498,30,L>=3,8.0,4,metaedge_degree
11,7,0.9727272727272728,0.7818181818181819,1.0,0.6,0.5358562712187969,2.018919776547797,100,L=2,7.0,5,metaedge_degree
24,6,0.9913043478260868,0.588695652173913,0.9333333333333332,0.9333333333333332,0.1649393427405294,2.42826969133678,100,L>=3,8.0,4,metaedge_degree
12,6,0.9930069930069932,0.7552447552447553,1.0,0.6,0.1967824861528064,2.6774512067033838,300,L=2,7.0,5,metaedge_degree
24,6,0.9913043478260868,0.588695652173913,0.9333333333333332,0.9333333333333332,0.09064034217545,1.9835511324722788,300,L>=3,8.0,4,metaedge_degree
12,6,1.0,0.7552447552447553,1.0,0.6,0.1965868373623064,2.389918449937013,1000,L=2,7.0,5,metaedge_degree
24,6,0.9991304347826084,0.588695652173913,1.0,0.9333333333333332,0.0488982188217717,2.2508219841315142,1000,L>=3,8.0,4,metaedge_degree
12,6,1.0,0.7552447552447553,1.0,0.6,0.1529555714607415,2.345522138686808,3000,L=2,7.0,5,metaedge_degree
24,6,0.9991304347826084,0.588695652173913,1.0,0.9333333333333332,0.0457102828404595,3.18955204756891,3000,L>=3,8.0,4,metaedge_degree
12,6,1.0,0.7552447552447553,1.0,0.6,0.030706542682241,2.334023744753554,10000,L=2,7.0,5,metaedge_degree
24,6,0.9991304347826084,0.588695652173913,1.0,0.9333333333333332,0.0210696740289267,2.276984534724506,10000,L>=3,8.0,4,metaedge_degree
10,8,0.9636363636363636,0.9030303030303028,0.6666666666666666,0.4,0.6044373837363368,1.5583703909644937,10,L=2,17.5,1,capacity_hurdle_adaptive
23,7,0.9426877470355732,0.2430830039525691,0.75,0.2,1.0579145758961412,2.47683685999068,10,L>=3,18.5,2,capacity_hurdle_adaptive
10,8,0.9757575757575756,0.9030303030303028,1.0,0.4,0.2880404944972938,1.8467895685074132,30,L=2,17.5,1,capacity_hurdle_adaptive
23,7,0.9604743083003952,0.2430830039525691,1.0,0.2,0.5111245486193898,2.580637769207159,30,L>=3,18.5,2,capacity_hurdle_adaptive
10,8,0.9878787878787878,0.9030303030303028,1.0,0.4,0.1543713495124286,1.8156422689442568,100,L=2,17.5,1,capacity_hurdle_adaptive
24,6,0.98,0.2556521739130434,0.75,0.2,0.2733147347357947,2.952395300123447,100,L>=3,18.5,2,capacity_hurdle_adaptive
10,8,0.9878787878787878,0.9030303030303028,1.0,0.4,0.0746380196755032,2.248726355347307,300,L=2,17.5,1,capacity_hurdle_adaptive
24,6,0.9939130434782608,0.2556521739130434,1.0,0.2,0.1251161427836082,2.0187719714993424,300,L>=3,18.5,2,capacity_hurdle_adaptive
10,8,1.0,0.9030303030303028,1.0,0.4,0.0388900483321883,2.005462073419543,1000,L=2,17.5,1,capacity_hurdle_adaptive
24,6,0.9956521739130434,0.2556521739130434,1.0,0.2,0.0378697766408376,2.157489282374415,1000,L>=3,18.5,2,capacity_hurdle_adaptive
10,8,1.0,0.9030303030303028,1.0,0.4,0.0198277622711989,1.2842777305526267,3000,L=2,17.5,1,capacity_hurdle_adaptive
24,6,1.0,0.2556521739130434,1.0,0.2,0.0284886440257847,2.6244795902792357,3000,L>=3,18.5,2,capacity_hurdle_adaptive
10,8,1.0,0.9030303030303028,1.0,0.4,0.0109552150596383,1.5375386498728454,10000,L=2,17.5,1,capacity_hurdle_adaptive
24,6,1.0,0.2556521739130434,1.0,0.2,0.0393588508576837,1.901482831888384,10000,L>=3,18.5,2,capacity_hurdle_adaptive
10,8,0.9878787878787878,0.7333333333333332,1.0,0.6,0.7178857066217745,1.6756462305897393,10,L=2,10.0,2,metaedge_degree_hurdle_adaptive
24,6,0.9808695652173912,0.117391304347826,0.8,0.2666666666666666,0.9029320885659956,1.8633204377617647,10,L>=3,11.0,2,metaedge_degree_hurdle_adaptive
10,8,1.0,0.7333333333333332,1.0,0.6,0.3307953021092864,1.606856817352016,30,L=2,10.0,2,metaedge_degree_hurdle_adaptive
24,6,0.9913043478260868,0.117391304347826,1.0,0.2666666666666666,0.3311685107790036,1.6663946155228242,30,L>=3,11.0,2,metaedge_degree_hurdle_adaptive
10,8,0.9878787878787878,0.7333333333333332,1.0,0.6,0.0946211218266185,3.014511244547791,100,L=2,10.0,2,metaedge_degree_hurdle_adaptive
24,6,0.9930434782608696,0.117391304347826,1.0,0.2666666666666666,0.2116076661381012,2.081527155962135,100,L>=3,11.0,2,metaedge_degree_hurdle_adaptive
10,8,1.0,0.7333333333333332,1.0,0.6,0.094388646602158,1.8158721408066631,300,L=2,10.0,2,metaedge_degree_hurdle_adaptive
24,6,0.994782608695652,0.117391304347826,1.0,0.2666666666666666,0.0926959115295835,2.1374221995759526,300,L>=3,11.0,2,metaedge_degree_hurdle_adaptive
10,8,1.0,0.7333333333333332,1.0,0.6,0.0486585223616317,1.600896172314352,1000,L=2,10.0,2,metaedge_degree_hurdle_adaptive
24,6,1.0,0.117391304347826,1.0,0.2666666666666666,0.0781066366993274,2.144742374427587,1000,L>=3,11.0,2,metaedge_degree_hurdle_adaptive
10,8,1.0,0.7333333333333332,1.0,0.6,0.0179019505409205,2.5709366131736213,3000,L=2,10.0,2,metaedge_degree_hurdle_adaptive
24,6,0.9991304347826084,0.117391304347826,1.0,0.2666666666666666,0.0328727264353188,2.70304900433813,3000,L>=3,11.0,2,metaedge_degree_hurdle_adaptive
10,8,1.0,0.7333333333333332,1.0,0.6,0.0104232399138091,1.7701816194513718,10000,L=2,10.0,2,metaedge_degree_hurdle_adaptive
24,6,1.0,0.117391304347826,1.0,0.2666666666666666,0.0180449774040887,1.710951552707174,10000,L>=3,11.0,2,metaedge_degree_hurdle_adaptive
