lv_id,gene_symbol,loading
LV603,A1BG,1.976756559957423
LV603,A2M,-2.928331910198034
LV603,NAT1,1.1080639753088468
LV603,NAT2,0.21963722766094482
LV603,SERPINA3,1.4682500241810683
LV603,AADAC,0.535629249998389
LV603,AAMP,1.9772586275861752
LV603,AANAT,0.18174375915176638
LV603,AARS,-0.36622944449248074
LV603,ABAT,0.7304849213397179
LV603,ABCA1,0.5821068613377388
LV603,ABCA2,-0.20683935740335094
LV603,ABCA3,-0.09730382198818455
LV603,ABCB7,0.8694406781853278
LV603,ABCF1,0.8543159938619936
LV603,ABCA4,-0.34393423023518044
LV603,ABL1,-0.2177137240199963
LV603,AOC1,-1.6567903895865324
LV603,ABL2,1.8292074674884704
LV603,ABO,-0.0742908783928769
LV603,ABR,1.4872774304954108
LV603,ACAA1,0.5674655938071864
LV603,ACACA,2.0939627746249156
LV603,ACACB,1.6871099761281638
LV603,ACADL,0.46829843935290394
LV603,ACADM,1.6307634198584349
LV603,ACADS,-0.8001235216099734
LV603,ACADSB,1.4086181429890126
LV603,ACADVL,-1.3304236275921897
LV603,ACAT1,0.4932363675742628
LV603,ACAT2,1.214876469210243
LV603,ASIC2,0.37363214164877184
LV603,ASIC1,-0.2171374972389881
LV603,ACHE,-0.6555600446794365
LV603,ACLY,-0.1928000151424468
LV603,ACO1,1.2011251425031768
LV603,ACR,1.040839446245889
LV603,ACO2,-0.11213146296484053
LV603,ACOX1,-1.096004347312863
LV603,ACP1,0.8239972418852872
LV603,ACP2,-1.2998739364757563
LV603,ACP5,-0.38085490462162197
LV603,ACPP,-0.5848283771922635
LV603,ACRV1,0.893265210237615
LV603,ACTA1,0.38594974138056526
LV603,ACTA2,0.6118547322716259
LV603,ACTB,0.4224079104647961
LV603,ACTC1,-0.5279301162200867
LV603,ACTG1,0.685475983047878
LV603,ACTG2,1.5624603684044394
LV603,ACTN4,0.11322875705540222
LV603,ACTL6A,0.7835944644542391
LV603,ACTN1,0.024096807036260992
LV603,ACTN2,1.178555427354271
LV603,ACTN3,0.8166366521512817
LV603,ACVR1,1.0258194707912132
LV603,ACVR1B,0.4984229955590589
LV603,ACVR2A,1.7900038821107274
LV603,ACVR2B,-0.2111505786282483
LV603,ACVRL1,-0.18416607721805126
LV603,ACY1,-0.4418599835407998
LV603,ACYP1,0.760962701968474
LV603,ACYP2,-0.47240027070665436
LV603,ADA,-0.4945326365001358
LV603,ADAM8,0.8774748296203505
LV603,ADAM10,1.3120957720506856
LV603,ADAR,0.7243514885621695
LV603,ADARB1,-2.5331035554668553
LV603,ADARB2,-0.8036324496718003
LV603,ADCY1,-0.9234894806314801
LV603,ADCY2,-1.0575111797268348
LV603,ADCY3,-0.25776764823718723
LV603,ADCY5,1.9675432337026302
LV603,ADCY6,-0.1573985537659124
LV603,ADCY7,-0.5854457743627153
LV603,ADCY8,0.8488227448389438
LV603,ADCY9,0.21917172943950622
LV603,ADCYAP1,0.2706811286607058
LV603,ADCYAP1R1,-0.5366741120790538
LV603,ADD1,0.1484955329620841
LV603,ADD2,0.5845371798141691
LV603,ADD3,-1.7613065771604515
LV603,PLIN2,-1.4602243310105232
LV603,ADH1A,1.2345605588518256
LV603,ADH1B,0.9930045749240584
LV603,ADH1C,-0.35665671755912287
LV603,ADH4,-0.8702039044172191
LV603,ADH5,-0.03554662570969444
LV603,ADH6,-1.0436522904412013
LV603,ADH7,-0.19009699060622273
LV603,ADK,1.801100423975727
LV603,ADM,0.28207184350653247
LV603,ADORA1,1.3162884363547946
LV603,ADORA2A,-0.07262052870934316
LV603,ADORA2B,0.5194155619109898
LV603,ADORA3,1.535830492999298
LV603,ADPRH,-1.1859375572222493
LV603,PARP1,-0.19747799464982516
LV603,PARP4,-0.00689850054543481
LV603,ADRA1D,0.4319811793653645
LV603,ADRA1B,1.703666722804394
LV603,ADRA1A,0.8355270035798681
LV603,ADRA2A,-1.3476665985180718
LV603,ADRA2B,-0.12097204117935509
LV603,ADRA2C,-0.7436434154830173
LV603,ADRB1,-0.769047029962896
LV603,ADRB2,2.174827715003513
LV603,ADRB3,-0.9129706837475945
LV603,ADRBK1,0.38639517490996417
LV603,ADRBK2,-0.5652122320787201
LV603,ADSL,1.0109809399519063
LV603,ADSS,0.5037032385413495
LV603,AP2A1,0.2774277181041873
LV603,AP2A2,0.07383285994079082
LV603,AP1B1,1.2877169165755535
LV603,AP2B1,-0.7816998851391717
LV603,AP1G1,-0.5769383253215162
LV603,AEBP1,-0.9666060472205357
LV603,AES,1.484546412220603
LV603,CRISP1,-0.14356637944488873
LV603,AFM,-0.88740077070428
LV603,AFP,-0.26907340032796023
LV603,AGA,2.649647141912049
LV603,ACAN,0.04252704544191202
LV603,AGER,1.00002059773747
LV603,AGL,0.6151818264795043
LV603,AGRP,0.13761671791907093
LV603,JAG1,-0.5427049513484409
LV603,AGT,-0.18429524042418258
LV603,AGTR1,-0.2044524150979252
LV603,AGTR2,-2.059276174952708
LV603,APLNR,2.740132165299634
LV603,AGXT,1.0748362579408632
LV603,NR0B1,0.2662865067670963
LV603,AHCY,-0.05334913839455843
LV603,AHR,-0.6396443817288501
LV603,AHSG,1.099621715476415
LV603,AIF1,-0.03685598546529084
LV603,AIM1,0.6292725590812196
LV603,AK1,-1.2374951680999686
LV603,AK2,0.5284765367574817
LV603,AK4,2.150301160167004
LV603,AKT1,-0.13962886468938338
LV603,AKT2,0.9499549486302511
LV603,ALAD,0.18533363711049966
LV603,ALAS1,1.2551905403205457
LV603,ALAS2,1.2174245093302332
LV603,ALB,0.21164637112836232
LV603,ALCAM,-0.409585430021553
LV603,ABCD1,0.43675416144253354
LV603,ALDH1A1,0.19176902945224783
LV603,ALDH2,-0.4679033056301174
LV603,ALDH3A1,0.6064788474887455
LV603,ALDH1B1,0.5823228618761901
LV603,ALDH1A3,-0.7390266047821327
LV603,ALDH3B1,0.038512102084552094
LV603,ALDH3B2,3.071139507657893
LV603,ALDH9A1,0.9668344872544509
LV603,ALDH3A2,0.24777931084435634
LV603,ABCD2,2.661082373702184
LV603,ALDOA,-0.3054031985964085
LV603,ALDOB,-2.32685411921746
LV603,ALDOC,-1.7569414995045356
LV603,AKR1B1,-1.3695110137903053
LV603,ALK,0.41005505425004674
LV603,ALOX12,1.126356295342398
LV603,ALOX5,-2.020190238668888
LV603,ALOX5AP,1.2672437209364225
LV603,ALOX12B,-1.0777384405743209
LV603,ALOX15,0.4064348482286161
LV603,ALOX15B,0.613919602174066
LV603,ALPI,0.5823298336905978
LV603,ALPL,0.1575470802723938
LV603,ALPP,0.320995513942536
LV603,ALPPL2,-0.9898201499485461
LV603,ALX3,0.42821689039644484
LV603,AMBN,1.129652364759179
LV603,AMBP,1.0762226307647624
LV603,AMD1,2.7628529070721184
LV603,AMELX,1.2332325419401144
LV603,AMELY,0.8764273559501742
LV603,AMFR,1.813500591717843
LV603,AMH,0.3911376385885912
LV603,AMHR2,-1.1398772197929024
LV603,AMPD1,-2.08985985733975
LV603,AMPD2,1.426570916381836
LV603,AMPD3,0.7180313489899385
LV603,AMPH,0.997296954372218
LV603,BIN1,-0.1828748962507801
LV603,AMT,0.4948293961674658
LV603,AMY1A,2.0323816030932007
LV603,AMY1B,0.4848342018515347
LV603,AMY1C,-0.9655186762678086
LV603,AMY2A,-0.2814497156346836
LV603,AMY2B,1.535110615586996
LV603,ANG,-0.9399610642869379
LV603,ANGPT1,-2.43142946001913
LV603,ANGPT2,-2.1439551879454872
LV603,ANK1,-1.1889389586186436
LV603,ANK2,0.9493935284932526
LV603,ANK3,0.23846320092734136
LV603,ANPEP,-0.6072771271592771
LV603,SLC25A4,-1.1351365294184348
LV603,SLC25A5,0.03601069186693778
LV603,SLC25A6,-0.009595633043402108
LV603,ANXA1,-0.4139269440512877
LV603,ANXA2,-0.09525414605240479
LV603,ANXA3,-0.6131817772148304
LV603,ANXA4,1.9532219405855618
LV603,ANXA5,-2.2169413655499888
LV603,ANXA6,0.27218885596494324
LV603,ANXA7,-0.864405574517355
LV603,ANXA11,0.8565164385024355
LV603,ANXA13,-0.08510619737365038
LV603,AOAH,0.5160214472481246
LV603,AOC2,0.681596243829064
LV603,AOX1,0.3553262383967149
LV603,APAF1,1.1410404617440157
LV603,NUDT2,-1.241477754463506
LV603,APOF,1.1016989121641767
LV603,APBA1,-0.068942449625786
LV603,APBA2,0.5306443773238787
LV603,APBB1,1.7065333740979993
LV603,APBB2,1.274406837228961
LV603,APC,2.133906260402673
LV603,APCS,-2.100591833413329
LV603,AIRE,-0.8058816529403455
LV603,APEH,1.1141676674228251
LV603,APEX1,-0.980678125936227
LV603,BIRC2,-0.03259281381333615
LV603,BIRC3,1.8578758612485555
LV603,XIAP,1.024699989978656
LV603,BIRC5,-0.8122686699630217
LV603,APLP1,0.6038064407814815
LV603,APLP2,0.7953005002956944
LV603,APOA1,0.21737638601500908
LV603,APOA2,0.04949365887170991
LV603,APOA4,0.29155747561243817
LV603,APOB,-1.3505136959043504
LV603,APOBEC1,0.2765124184084675
LV603,APOC1,-0.8169110793525206
LV603,AQP8,0.5435710713546423
LV603,APOC2,0.5792169590436839
LV603,APOC3,-0.742793268783839
LV603,APOC4,0.762671144108547
LV603,APOD,0.5058124292565845
LV603,APOE,0.10790371327337703
LV603,APOH,0.8758067220827113
LV603,APP,-0.16279669658828075
LV603,APRT,-0.13415798222731576
LV603,KLK3,0.22778617965586545
LV603,FAS,0.09077719613190588
LV603,FASLG,1.292166871287435
LV603,SHROOM2,-2.223945235389359
LV603,AQP1,-0.1604735529634693
LV603,AQP2,-1.8649561047575176
LV603,AQP3,-0.37623869797683807
LV603,AQP4,0.3822282371772858
LV603,AQP5,0.12785380610008726
LV603,AQP6,1.0893318676256392
LV603,AQP7,0.4366276607088688
LV603,AQP9,-2.6268745606713138
LV603,AR,-1.0083429548412215
LV603,ABCC6,1.6636624934334705
LV603,ARAF,1.6659204065480981
LV603,ARCN1,0.20234707902313534
LV603,TRIM23,-1.451787701176551
LV603,AREG,2.268804070102688
LV603,ARF1,-2.0030353066668973
LV603,ARF3,0.400243165895936
LV603,ARF4,0.03812691440494628
LV603,ARL4D,0.32806975537603983
LV603,ARF5,-1.090717357266528
LV603,ARF6,-0.32224276599314783
LV603,ARG1,1.1521493076522271
LV603,ARG2,-0.41638986570857794
LV603,RHOA,-1.3114338387338917
LV603,RHOB,0.05314010819245768
LV603,RHOC,0.15626883573417827
LV603,RND3,-0.07062527245614328
LV603,RHOG,-0.7273841377983873
LV603,ARHGAP1,0.6050834628751101
LV603,ARHGAP4,-0.06320793667014518
LV603,ARHGAP5,-1.1148979159843473
LV603,ARHGAP6,0.28264485194458006
LV603,ARHGDIA,0.03308658357160413
LV603,ARHGDIB,0.20893535902297444
LV603,ARHGDIG,-1.6431824180543972
LV603,RHOH,-0.7077885375379697
LV603,ARL1,0.5229998359697049
LV603,PHOX2A,1.0014968812412
LV603,ARL2,0.418488241965726
LV603,ARL3,0.23492853776235817
LV603,ARNT,0.8074750997519162
LV603,ARNTL,1.0697622559268187
LV603,ARR3,1.858909599159713
LV603,ARRB1,0.566161651662968
LV603,ARRB2,-0.46789880906106396
LV603,ARSA,0.5832885593818522
LV603,ARSB,-1.844313337409666
LV603,STS,0.17022833988314914
LV603,ARSD,-0.3273692452515349
LV603,ARSE,0.09840737503549712
LV603,ARSF,0.616362497181186
LV603,ART1,0.1785923981834387
LV603,ART3,-1.322240175171709
LV603,ART4,-0.2266682516719827
LV603,ARVCF,-0.6690875247325766
LV603,ASAH1,0.11478576665145676
LV603,ASCL1,0.4977583250566703
LV603,ASCL2,-0.8262750527390194
LV603,ASGR1,0.8736144996200846
LV603,ASGR2,1.4432844357111285
LV603,ASIP,-0.12888442542794978
LV603,ASL,0.8714635410570496
LV603,ASMT,-1.3395076996078206
LV603,ASNA1,-0.39753624469405024
LV603,ASNS,1.1077655289636221
LV603,ASPA,-1.6217265551021531
LV603,ASPH,-0.3623825891381801
LV603,ASS1,-0.7521143736434656
LV603,ASTN1,1.2938186127113698
LV603,SERPINC1,1.2907461185846094
LV603,ZFHX3,-0.47916998566775915
LV603,ATF1,0.2682382023979193
LV603,ATF3,-2.468595329471195
LV603,ATF4,0.9950719508280701
LV603,ATIC,0.4948930743060539
LV603,ATM,1.471676514269612
LV603,RERE,-2.2436133348335896
LV603,ATOH1,0.4924515550922126
LV603,ATOX1,-0.2084923321792362
LV603,ATP1A1,-2.467582772625446
LV603,ATP1A2,-0.5484831500347612
LV603,ATP1A3,0.06377537038415196
LV603,ATP12A,0.9474617928943865
LV603,ATP1A4,0.34020103547696695
LV603,ATP1B1,-0.37238102806285533
LV603,ATP1B2,0.5890976777657341
LV603,ATP1B3,0.035593772841824134
LV603,FXYD2,-0.5065077024775354
LV603,ATP2A1,-0.8765801957742764
LV603,ATP2A2,0.29284253336884647
LV603,ATP2A3,0.30089504441394666
LV603,ATP2B1,1.985772183308189
LV603,ATP2B2,-0.307194399259741
LV603,ATP2B3,1.749266519377065
LV603,ATP2B4,0.4960621048198438
LV603,ATP4A,1.323685962859027
LV603,ATP4B,-0.7601956095226067
LV603,ATP5A1,-0.7284043385444784
LV603,ALDH7A1,-0.16216081833094573
LV603,ATP5B,1.0427077912890002
LV603,ATP5C1,0.32324927936697434
LV603,ATP5D,0.9007971713587021
LV603,ATP5E,0.46595872833441765
LV603,ATP5F1,1.177280530839863
LV603,ATP5G1,0.3470036953728961
LV603,ATP5G2,-0.37648947637515595
LV603,ATP5G3,0.6640479005699569
LV603,ATP5I,0.24003370802947244
LV603,ATP5J,1.8983366472512226
LV603,ATP6V1A,-0.00972213232813468
LV603,ATP6V1B1,0.2590244522474053
LV603,ATP6V1B2,-0.1564395127632179
LV603,ATP6V0C,1.3061104824845762
LV603,ATP6V1C1,1.0246158488269457
LV603,ATP6V1E1,0.801099226536995
LV603,ATP6V0B,-1.0966926303677018
LV603,ATP6V1G2,-1.3665450265163779
LV603,ATP6V0A1,0.4148726884435707
LV603,ATP6AP1,0.8720378712890259
LV603,ATP7A,1.6291980565820146
LV603,ATP5O,-1.6456932334440708
LV603,ATP7B,-0.020305228589615254
LV603,ATR,-1.5404635961913857
LV603,ATRX,-0.8107281602137126
LV603,KIF1A,-0.07110230763674211
LV603,AUH,1.1130199134878098
LV603,AUP1,-0.3766167805021937
LV603,AVP,-0.568177505157109
LV603,AVPR1A,-0.1698303871933791
LV603,AVPR1B,1.4076661536807427
LV603,AVPR2,2.565912944780984
LV603,AXL,-1.3920102096218068
LV603,AZGP1,-0.12349778189704577
LV603,AZU1,-0.2802989385865665
LV603,B2M,1.3188016828523945
LV603,BAAT,0.5856662067659889
LV603,BACH1,1.6907292766608033
LV603,BAD,-0.8621275213254168
LV603,BAG1,0.16377251341658722
LV603,BAGE,-0.30555510947930653
LV603,ADGRB1,-0.9464166634549601
LV603,ADGRB2,-0.008033997022784262
LV603,ADGRB3,-1.0344993826725633
LV603,BAK1,2.3226217855985625
LV603,NKX3-2,0.567291116991025
LV603,BARD1,-0.8664598086367857
LV603,BAX,-0.4560484283385521
LV603,BBS1,1.8826364891299603
LV603,BBS2,-0.32811835864794026
LV603,BBS4,0.8441054669674107
LV603,BCAT1,0.7336544246629394
LV603,BCAT2,1.2427316672741475
LV603,BCHE,0.7847154356607344
LV603,BCKDHA,-0.060114257681098626
LV603,BCKDHB,-0.44149841585604543
LV603,CCND1,-1.6257763891268424
LV603,BCL2,0.10234724012693869
LV603,BCL2A1,0.2887015511320411
LV603,BCL2L1,-0.21019461661277575
LV603,BCL2L2,0.006362636548750494
LV603,BCL3,-1.0639527451556317
LV603,BCL6,2.321170181466329
LV603,BCL7A,-0.35101276966417605
LV603,BCL9,-0.8853966715248002
LV603,TNFRSF17,-0.44701080507291857
LV603,HCN2,-0.018470908724183804
LV603,OPN1SW,0.891899269403302
LV603,BCR,-2.277354701368989
LV603,BCS1L,0.6657558345493929
LV603,BDH1,-0.46584766699754354
LV603,BDKRB1,-0.029234682215988683
LV603,BDKRB2,1.1674626752335118
LV603,BDNF,0.9166961115883858
LV603,CFB,-0.528179784303037
LV603,BFSP1,0.0572670065263792
LV603,BGLAP,2.0240146182883265
LV603,BGN,1.5130983295296836
LV603,CEACAM1,1.020762139390481
LV603,BHMT,0.16162734602244364
LV603,BICD1,1.1157787911057175
LV603,BID,0.550438161731701
LV603,BIK,-0.39521616861355857
LV603,PRDM1,-0.8470357958277321
LV603,BLK,0.677059099674402
LV603,BLM,0.5365028240068558
LV603,BLMH,1.3615569303421577
LV603,CXCR5,-0.3289942074159866
LV603,BLVRA,1.55684576696957
LV603,BLVRB,-0.21106491612390707
LV603,BNC1,1.4103949572686498
LV603,BMI1,0.7007586823772175
LV603,BMP1,-0.42274243119552257
LV603,BMP2,-0.7930860436137105
LV603,BMP3,0.03356658205163204
LV603,BMP4,-0.11016442961135578
LV603,BMP5,1.0942658268166565
LV603,BMP6,-0.5376183356133527
LV603,BMP7,-1.32427343608644
LV603,BMP8B,0.1350516317220581
LV603,BMPR1A,2.076588931092872
LV603,BMPR1B,1.7922021791756497
LV603,BMPR2,-0.46804020962898396
LV603,BMX,-0.12046046949318232
LV603,POLR3D,0.4726164932974338
LV603,BNIP1,-0.5095926947340192
LV603,BNIP2,-0.09154739415968674
LV603,BNIP3,-0.1218432735704029
LV603,BNIP3L,-0.8965047281352191
LV603,BOK,-0.46498596052040286
LV603,DST,-0.331489099036285
LV603,FOXL2,0.38836323353673863
LV603,BPGM,-1.0297867634185145
LV603,BPHL,0.25856445859123356
LV603,BPI,-0.8289382223230477
LV603,BRCA1,-0.6558544637440057
LV603,BRAF,-0.9710262951319949
LV603,BRCA2,4.1650101550124745
LV603,BRDT,1.4099880581787483
LV603,ZFP36L1,1.49829093023627
LV603,ZFP36L2,0.966188253132945
LV603,BRS3,-0.08215779142042656
LV603,BSG,0.22068551560525218
LV603,BST1,0.44227174114881995
LV603,BST2,0.6004415246356906
LV603,BTC,0.7478002121627625
LV603,BTD,1.6796722005868783
LV603,KLF9,-2.8071879885470716
LV603,KLF5,-0.402343563107178
LV603,BTF3,0.8301715744913809
LV603,BTG1,-0.20549462484656603
LV603,BTK,-0.0041263431168157005
LV603,BTN1A1,1.6436681342175794
LV603,BUB1,0.34407388528120675
LV603,BUB1B,1.9350669831230503
LV603,BYSL,0.10853241322870055
LV603,TSPO,0.3895701151502173
LV603,C1QBP,-0.9146258669403334
LV603,SERPING1,-1.835642268406066
LV603,C1QA,-0.26670242449876114
LV603,C1QB,0.21352199839860825
LV603,C1QC,-0.19391760405124767
LV603,C1R,-1.1967359093059933
LV603,C1S,0.8085365188447696
LV603,C2,0.22284578203849947
LV603,C3,0.16096488138482254
LV603,C3AR1,-0.6270242299197428
LV603,C4A,1.8002982933453773
LV603,C4B,1.6291387728378757
LV603,C4BPA,0.4592885662057249
LV603,C4BPB,0.03536945678101236
LV603,CAPN5,0.4041430273272719
LV603,C5,1.8478796790496514
LV603,C5AR1,2.96183998514846
LV603,C6,0.16323415604581337
LV603,C7,-0.2757902833664282
LV603,C8A,-1.661583838559618
LV603,C8B,2.9492971060959277
LV603,C8G,-0.9536620979805809
LV603,OSGIN2,1.0242791830059452
LV603,C9,0.6516737785387298
LV603,VPS51,1.4859388864697387
LV603,MRPL49,-0.7096673959339523
LV603,ZNHIT2,-1.4701274916486156
LV603,MPPED2,0.30047596535458787
LV603,MYRF,0.5627308508507303
LV603,TMEM258,1.3013654794186778
LV603,DAGLA,-1.5348421647396326
LV603,FMNL1,-0.3026776608173918
LV603,LDLRAD4,-0.11186413473898552
LV603,PTTG1IP,-1.2026510274894764
LV603,C21orf2,-0.011332977895251756
LV603,TMEM50B,0.9522027087506243
LV603,MPPED1,0.11784589757710365
LV603,CA1,-1.2881429008840581
LV603,CA2,0.4987955388990203
LV603,CA3,1.011294643385867
LV603,CA4,0.6889732837048355
LV603,CA5A,0.9425052050347708
LV603,CA6,-1.5018425770283548
LV603,CA7,0.6136635009928605
LV603,CA8,0.7531314108936688
LV603,CA9,-0.22379370020024633
LV603,CA11,0.09757183534175119
LV603,CA12,-0.6200425543731924
LV603,CACNA1A,1.3889658173489512
LV603,CACNA1B,-0.14613097649865406
LV603,CACNA1C,-0.792330386743925
LV603,CACNA1D,0.33934915688564293
LV603,CACNA1E,0.26445123938788545
LV603,CACNA1F,0.8218542517194702
LV603,CACNA1S,-0.6822688549154442
LV603,DDR1,-0.5245135578940894
LV603,CACNA2D1,0.5367115226319327
LV603,CACNB1,2.3909212089797838
LV603,CACNB2,0.62039511412656
LV603,CACNB3,-1.2110966016695315
LV603,CACNB4,0.3220748225651042
LV603,CACNG1,-0.6265471823216978
LV603,SLC25A20,-1.7003470453903897
LV603,CAD,-0.5322057034052179
LV603,CALB1,-0.42299255953961934
LV603,CALB2,0.5717438177703414
LV603,S100G,1.475167275754661
LV603,CALCA,1.2929765955888342
LV603,CALCB,0.9632300211119146
LV603,CALCR,-0.27983051139722903
LV603,CALD1,0.30966149141432187
LV603,CALM1,0.11334165110641967
LV603,CALM2,1.5638050502351095
LV603,CALM3,-0.4998426031146902
LV603,CALML3,-0.3974255936126069
LV603,CALR,1.6514197442153802
LV603,CALU,0.7314625698379817
LV603,CAMK4,-0.2962331172736141
LV603,CAMK2A,0.31897634142565573
LV603,CAMK2B,0.3037400391349979
LV603,CAMK2D,0.34328795017164876
LV603,CAMK2G,0.9558782701644918
LV603,CAMLG,0.521773662731422
LV603,CAMP,-0.029539719354508276
LV603,CANX,-0.3524283614966899
LV603,CAPG,-1.5752230424895393
LV603,CAPN1,-0.28279681352843855
LV603,CAPN2,1.301125889295179
LV603,CAPN3,0.382264632921276
LV603,CAPNS1,-0.4988568874669097
LV603,CAPN6,-0.0884731672399161
LV603,CAPS,-0.7030845952807655
LV603,CAPZA1,0.44613812582613754
LV603,CAPZA2,2.1659146263729196
LV603,CAST,1.9662868349321978
LV603,CAPZB,1.3576217555801744
LV603,CARS,0.9399340034941055
LV603,CASP1,-0.06979404075334578
LV603,CASP2,-1.0855076838721123
LV603,CASP3,0.16963947739862134
LV603,CASP4,-0.29067920825351123
LV603,CASP5,0.992354235946767
LV603,CASP6,0.31933011186697835
LV603,CASP7,-0.4159253533757543
LV603,CASP8,0.6140160572220805
LV603,CASP9,3.0863457620566757
LV603,CASP10,-0.7466197143427082
LV603,CASQ1,1.3001190515707128
LV603,CASQ2,0.7592477438757969
LV603,CASR,0.06579290178330918
LV603,CAT,-0.5951052123552218
LV603,CAV1,0.18494151110915538
LV603,CAV2,0.3849411112826526
LV603,CAV3,0.9359031023939663
LV603,RUNX2,0.8707475812968511
LV603,RUNX1,0.48564357890679577
LV603,RUNX1T1,-0.5181472932385154
LV603,CBFA2T3,0.46849391166114285
LV603,RUNX3,-0.30222888976238893
LV603,CBFB,-0.8805270619785045
LV603,SERPINA6,1.0623314457807334
LV603,CBL,-0.5008362752464484
LV603,CBLB,-1.0333113876743807
LV603,CBLN1,0.2482398241116372
LV603,SERPINH1,-1.7697437838688497
LV603,CBR1,0.09659136384333993
LV603,CBR3,0.6102773951383935
LV603,CBS,-0.25993490846590817
LV603,CCIN,0.39871130295322227
LV603,CCBL1,2.3172805591578745
LV603,CCK,1.5855412372838242
LV603,CCKAR,1.092517232721294
LV603,CCKBR,0.7592635217456658
LV603,KRIT1,-0.35951419403452933
LV603,CCNA2,0.017789635564991052
LV603,CCNB1,-0.12942388619165088
LV603,CCNC,0.18360139218456611
LV603,CCND2,0.2727239419601777
LV603,CCND3,-0.6549627715859253
LV603,CCNE1,1.7688916199509293
LV603,CCNF,-0.8882230230687854
LV603,CCNG1,0.5166912002302764
LV603,CCNG2,1.187862493079551
LV603,CCNH,0.12351639792573943
LV603,CCNT1,-0.5180335013334684
LV603,CCNT2,0.18341942377308756
LV603,CCT6A,2.0928584793652174
LV603,CD1A,0.7761038742901202
LV603,CD1B,-0.13960691934390487
LV603,CD1C,0.7350505747692876
LV603,CD1D,-0.046369186992008926
LV603,CD1E,-1.726551104266725
LV603,CD2,0.39435110320669475
LV603,CD3D,1.1930858597689078
LV603,CD3E,1.3054746665574402
LV603,CD3G,0.08474705081340383
LV603,CD247,-1.2629848556083907
LV603,CD4,1.3492993533250757
LV603,CD5,-0.00496523835512841
LV603,CD5L,0.8876782249413567
LV603,CD6,1.2809545685582617
LV603,CD7,0.4886092993621701
LV603,CD8A,0.0875365306463275
LV603,CD8B,-0.4803871788659644
LV603,CD9,-0.2855660213501193
LV603,CD14,0.1783070165263268
LV603,CD19,-0.3163864921123396
LV603,MS4A1,0.5100184774940955
LV603,MS4A3,-1.811437283317293
LV603,CD22,-0.8689257977599415
LV603,CD27,0.11137954530124092
LV603,CD28,-0.5534804255305075
LV603,CD80,-0.3974863513851672
LV603,CD86,-0.9992044955566831
LV603,TNFRSF8,0.8110785358283215
LV603,TNFSF8,1.770419491641991
LV603,CD33,-0.8699918485274655
LV603,SIGLEC6,1.286606586106104
LV603,CD34,-1.3200734395858904
LV603,CD36,0.27453320908131834
LV603,SCARB1,-1.8703676135941416
LV603,SCARB2,0.6188175003970324
LV603,CD37,0.1536097731144914
LV603,CD38,0.2721045767889077
LV603,ENTPD1,1.348567568003026
LV603,ENTPD2,0.7228311808598205
LV603,ENTPD6,0.10176124636057036
LV603,ENTPD3,-0.6924930898996278
LV603,ENTPD5,0.17666337478187982
LV603,CD40,-0.5681218767193329
LV603,CD40LG,-0.2983397048540377
LV603,CD44,1.6026640932855483
LV603,CD47,0.9995865882822946
LV603,CD48,0.41024833345296075
LV603,CD53,0.7503328430131956
LV603,CD58,-1.3225618512343469
LV603,CD59,0.22622444926587726
LV603,CD63,-1.5734350498386278
LV603,CD68,-0.5484401894518526
LV603,CD69,0.486115272016322
LV603,CD70,0.49210527905219803
LV603,CD72,0.8142372197643215
LV603,CD74,0.26605605835600243
LV603,CD79A,0.15880210952158816
LV603,CD79B,0.10326065134103918
LV603,CD81,1.5097087543886882
LV603,ADGRE5,1.4030687289759483
LV603,CD151,-1.3553164054615978
LV603,CDA,0.22836553902191475
LV603,CDK1,1.3880720507146511
LV603,CDK11B,-0.1605748303546403
LV603,LRBA,0.31271592576505813
LV603,CDC5L,-0.5116724441055528
LV603,SEPT7,-1.1139461684142953
LV603,CDC6,0.21622907317773313
LV603,CDC20,-0.3309200416735797
LV603,CDC25A,-0.08853801156874003
LV603,CDC25B,-1.3794903642549814
LV603,CDC25C,-1.097162456005121
LV603,CDC27,-0.07655127538530926
LV603,CDC34,-0.39470953588684166
LV603,CDC42,0.5933755941804637
LV603,CDH1,-1.01422686577344
LV603,CDH2,0.7417767468076053
LV603,CDH3,0.5975606360954432
LV603,CDH4,0.11680920977380096
LV603,CDH5,0.6650267552359697
LV603,CDH6,-0.06642622499878592
LV603,CDH7,-0.18217651441293256
LV603,CDH8,-0.019663038546929884
LV603,CDH9,-1.2613640977588805
LV603,CDH10,-0.0380147965164542
LV603,CDH11,0.7938881459373458
LV603,CDH12,-1.6100427988479948
LV603,CDH13,0.6780057933274475
LV603,CDH15,-0.6439373727122362
LV603,CDH16,-0.3673986485588965
LV603,CDH17,0.07677142058124553
LV603,CDH18,0.23427481267345066
LV603,CDK2,1.3476962723262078
LV603,CDK3,-0.15942638114741423
LV603,CDK4,1.6960668680322235
LV603,CDK5,0.027424684928450113
LV603,CDK6,0.47281305344538693
LV603,CDK7,0.6640435015887132
LV603,CDK8,-0.672980133975453
LV603,CDK9,-1.1210878918017662
LV603,CDKN1A,0.11006021685087847
LV603,CDKN1B,0.7001641860624883
LV603,CDKN1C,0.8679550479476372
LV603,CDKN2A,-0.34595627607658774
LV603,CDKN2B,1.7754195024635475
LV603,CDKN2C,-0.09865861278576082
LV603,CDKN2D,-0.6429532506026082
LV603,CDKN3,1.203194951517796
LV603,CDO1,1.2773050564395465
LV603,CDR1,-0.8827833801392574
LV603,CDR2,0.9039494770986807
LV603,CDS1,-1.1765343513204305
LV603,CDSN,0.13885352097702044
LV603,CD52,2.372589115326952
LV603,CDX1,1.406201154324369
LV603,CDX2,0.8320922951215463
LV603,CDX4,0.7828900276714821
LV603,CLGN,-0.680162463001373
LV603,CEACAM5,0.48287737583135815
LV603,CEBPA,0.6035401191512334
LV603,CEBPB,-0.872486107109176
LV603,CEBPD,0.36752508632188896
LV603,CEBPE,0.7147282773951592
LV603,CEBPG,0.3861591663450234
LV603,CEL,0.6039389998115212
LV603,CENPA,-0.04956548914265024
LV603,CENPB,-0.9407214686420645
LV603,CENPC,0.2151500667914774
LV603,CENPE,-1.7343029037210207
LV603,CENPF,-0.5282270445972737
LV603,CES1,1.2782567629631618
LV603,CETN1,1.9725554571078956
LV603,CETN2,0.5977506552094504
LV603,CETN3,-2.213874246968447
LV603,CETP,1.5292015586733108
LV603,CFL1,0.7375311042475977
LV603,CFL2,0.007551103690810218
LV603,CTSC,0.946333729550273
LV603,CFTR,0.7448165845200453
LV603,CGA,-0.990617173982549
LV603,CGB,-1.094414278306297
LV603,CEACAM3,1.2396666795356892
LV603,CEACAM7,-2.0874739964263607
LV603,CEACAM8,0.8028853322731564
LV603,CEACAM4,0.5207189300650986
LV603,CHAD,1.1849909008220003
LV603,RCBTB2,1.948897487330446
LV603,CHAT,1.5454088829779806
LV603,RCC1,1.7655163640395348
LV603,CHD1,1.034920253663589
LV603,CHD2,0.7226985196144682
LV603,CHD3,1.2888957304643207
LV603,CHD4,0.21097437671846503
LV603,AKR1C4,-0.6875439879715192
LV603,CHEK1,0.14486175481480235
LV603,FOXN3,-1.3733928065083003
LV603,CHGA,-0.32627675196300965
LV603,CHGB,2.283769325077825
LV603,CHI3L1,0.7398863820706869
LV603,CHI3L2,0.04598737068182095
LV603,CHIT1,-0.37860696707650376
LV603,CHKA,-1.5487945359436923
LV603,CHKB,-0.3190552076157246
LV603,CHM,-0.5593132203656612
LV246,A1BG,0.36291770170536863
LV246,A2M,0.4416442702783513
LV246,NAT1,0.2919296023260222
LV246,NAT2,-1.5494209140916673
LV246,SERPINA3,1.8060701036134856
LV246,AADAC,0.7952414110089001
LV246,AAMP,0.3611060043683467
LV246,AANAT,0.027378604823708075
LV246,AARS,0.7890591745796776
LV246,ABAT,1.591870280278984
LV246,ABCA1,0.9525207575354135
LV246,ABCA2,-0.8143360688204326
LV246,ABCA3,-0.9102105051791647
LV246,ABCB7,-2.0200261907683874
LV246,ABCF1,0.45964267092341826
LV246,ABCA4,1.0433221037597324
LV246,ABL1,1.542090069328396
LV246,AOC1,0.4551394344252234
LV246,ABL2,1.1338120591467613
LV246,ABO,-0.5992630725947066
LV246,ABR,0.8323162286514401
LV246,ACAA1,0.18518741392138438
LV246,ACACA,-0.35817996721941187
LV246,ACACB,-1.3737364182656717
LV246,ACADL,1.4565316284363912
LV246,ACADM,-1.9498653338631373
LV246,ACADS,0.9252995716761112
LV246,ACADSB,-0.5022190110077316
LV246,ACADVL,0.9058227190682577
LV246,ACAT1,-0.2549833133098007
LV246,ACAT2,1.0501620446013675
LV246,ASIC2,0.07986122673496268
LV246,ASIC1,-0.7477230630185028
LV246,ACHE,-0.22069159576619418
LV246,ACLY,-1.3154813253888202
LV246,ACO1,0.5698266093978113
LV246,ACR,1.3361037006114083
LV246,ACO2,0.7142778958740901
LV246,ACOX1,0.4015521202533425
LV246,ACP1,1.584135202295462
LV246,ACP2,-0.8704825422697755
LV246,ACP5,0.8507282419935038
LV246,ACPP,0.3051128736872383
LV246,ACRV1,-0.17490508138386696
LV246,ACTA1,0.8451963205242625
LV246,ACTA2,-0.8485017236735277
LV246,ACTB,0.16199232670794594
LV246,ACTC1,0.6336654273519909
LV246,ACTG1,-0.8684195590549288
LV246,ACTG2,0.06203331907329182
LV246,ACTN4,0.8225855667320443
LV246,ACTL6A,1.248407582283399
LV246,ACTN1,-0.6456542306386979
LV246,ACTN2,1.1959514619221494
LV246,ACTN3,0.0017724669557407369
LV246,ACVR1,0.38971983073730987
LV246,ACVR1B,-0.25184334930779145
LV246,ACVR2A,1.0771668583172447
LV246,ACVR2B,-0.4082753687531859
LV246,ACVRL1,0.5794421055093637
LV246,ACY1,0.6755491151513391
LV246,ACYP1,1.0516474676510046
LV246,ACYP2,-0.7428359878042703
LV246,ADA,1.0702812693848143
LV246,ADAM8,0.32949717662919503
LV246,ADAM10,1.7479398827725818
LV246,ADAR,-0.047680645254610576
LV246,ADARB1,-0.272051652601537
LV246,ADARB2,0.2386073565979947
LV246,ADCY1,-0.017122353991960326
LV246,ADCY2,0.1253388296125426
LV246,ADCY3,-0.9737936529948901
LV246,ADCY5,-1.787588357471278
LV246,ADCY6,-1.1747819416367895
LV246,ADCY7,-0.2981080725714285
LV246,ADCY8,0.7211537548533633
LV246,ADCY9,-0.01965463483588531
LV246,ADCYAP1,-0.6680587119501502
LV246,ADCYAP1R1,0.13571542133195086
LV246,ADD1,0.3534599511207682
LV246,ADD2,3.0524750392734226
LV246,ADD3,1.5700642617323406
LV246,PLIN2,0.4790915302216725
LV246,ADH1A,-1.163072110172968
LV246,ADH1B,0.11555861091948844
LV246,ADH1C,-0.013263863458018776
LV246,ADH4,0.8465628391275333
LV246,ADH5,2.4136678871015045
LV246,ADH6,0.22623448243729075
LV246,ADH7,-1.6787038100191942
LV246,ADK,0.17524474296369483
LV246,ADM,-1.3850863805133808
LV246,ADORA1,1.1307342358650139
LV246,ADORA2A,1.3978639362942298
LV246,ADORA2B,0.6287368689741121
LV246,ADORA3,-1.1913262470889214
LV246,ADPRH,0.11665196102503897
LV246,PARP1,1.5088283749767601
LV246,PARP4,-0.7075624536548788
LV246,ADRA1D,-0.2958193719852111
LV246,ADRA1B,0.5521924794886766
LV246,ADRA1A,0.7940993481260081
LV246,ADRA2A,0.37677620051924277
LV246,ADRA2B,0.6376830242435438
LV246,ADRA2C,0.5061121173300569
LV246,ADRB1,-0.2821773515561306
LV246,ADRB2,0.21648116317513216
LV246,ADRB3,0.5828060019479107
LV246,ADRBK1,-0.7921801327480034
LV246,ADRBK2,0.4939898553829849
LV246,ADSL,0.397196310678209
LV246,ADSS,0.7613269408447774
LV246,AP2A1,0.6477560405742926
LV246,AP2A2,-0.7491351053417286
LV246,AP1B1,-0.9584390760312487
LV246,AP2B1,0.5500827203251653
LV246,AP1G1,0.1493844488303129
LV246,AEBP1,0.4005410830334692
LV246,AES,-0.2635381123808635
LV246,CRISP1,-0.9778362041704403
LV246,AFM,0.5675737809190138
LV246,AFP,0.16789374907537472
LV246,AGA,0.9137542092486606
LV246,ACAN,1.3908142970265367
LV246,AGER,1.391813948315874
LV246,AGL,1.2876492263025507
LV246,AGRP,-0.6601809821899305
LV246,JAG1,-1.8120849076728043
LV246,AGT,-0.31701833495124593
LV246,AGTR1,-0.9131604113993343
LV246,AGTR2,-1.0232161644747295
LV246,APLNR,0.9497148295723288
LV246,AGXT,-1.316541483468343
LV246,NR0B1,1.2054979694096404
LV246,AHCY,1.387734557634296
LV246,AHR,2.9532207718034686
LV246,AHSG,1.3304797126558277
LV246,AIF1,2.3883034963875978
LV246,AIM1,-0.3487269683244603
LV246,AK1,-0.3892934468337224
LV246,AK2,1.270108117441388
LV246,AK4,-1.0215716271672075
LV246,AKT1,1.4325098418021207
LV246,AKT2,0.018598249710852444
LV246,ALAD,-1.671976240288748
LV246,ALAS1,2.1421061235774026
LV246,ALAS2,-0.8265901263004665
LV246,ALB,2.7894070969236693
LV246,ALCAM,-1.1824445377746884
LV246,ABCD1,-0.5530563798036776
LV246,ALDH1A1,0.5065361243607692
LV246,ALDH2,0.30630975860318665
LV246,ALDH3A1,-1.2863793166762856
LV246,ALDH1B1,0.4006619606373033
LV246,ALDH1A3,0.47944872992558707
LV246,ALDH3B1,0.747569081510612
LV246,ALDH3B2,-1.3133707261226175
LV246,ALDH9A1,-0.3118007963116816
LV246,ALDH3A2,0.18703443018712712
LV246,ABCD2,1.0982983441244016
LV246,ALDOA,0.459127779014228
LV246,ALDOB,-0.05303780034481537
LV246,ALDOC,-0.13053119468679925
LV246,AKR1B1,1.7529585499742446
LV246,ALK,-0.524062451615602
LV246,ALOX12,0.5922510361945121
LV246,ALOX5,-1.874252207762989
LV246,ALOX5AP,1.9942808979745668
LV246,ALOX12B,0.752926887660256
LV246,ALOX15,-1.464820988629726
LV246,ALOX15B,0.8994301968655034
LV246,ALPI,1.6820371855309715
LV246,ALPL,1.1122643747596423
LV246,ALPP,0.37000603610254196
LV246,ALPPL2,1.140434594656817
LV246,ALX3,-0.4480292125941229
LV246,AMBN,0.04115693934043929
LV246,AMBP,-0.06221196956310798
LV246,AMD1,0.3709344933409155
LV246,AMELX,-0.7481683370244268
LV246,AMELY,1.672219458282659
LV246,AMFR,0.17054593770075457
LV246,AMH,-0.7834840208627611
LV246,AMHR2,0.07717638160854173
LV246,AMPD1,0.6603581266680253
LV246,AMPD2,0.34042252487218727
LV246,AMPD3,1.3949476284976696
LV246,AMPH,-0.06199730403698578
LV246,BIN1,-0.47523528741365245
LV246,AMT,0.7961172865045627
LV246,AMY1A,1.5738149428417192
LV246,AMY1B,-0.6710970309963871
LV246,AMY1C,-1.2918552043340807
LV246,AMY2A,-0.34928764401014717
LV246,AMY2B,0.21825822994367133
LV246,ANG,-0.7354732541052547
LV246,ANGPT1,0.4555025036879271
LV246,ANGPT2,-0.5705101933999353
LV246,ANK1,1.1839381305298087
LV246,ANK2,-0.8952535528328109
LV246,ANK3,-0.6227498640919724
LV246,ANPEP,0.36125394245787756
LV246,SLC25A4,0.9640990442610538
LV246,SLC25A5,1.209740333414383
LV246,SLC25A6,-0.4009552644710758
LV246,ANXA1,0.30588663038264746
LV246,ANXA2,0.8257308454993268
LV246,ANXA3,1.7118064779618447
LV246,ANXA4,-0.6054897881245735
LV246,ANXA5,-0.960889614626335
LV246,ANXA6,0.767703789658135
LV246,ANXA7,0.03288211299519528
LV246,ANXA11,1.6314962925464023
LV246,ANXA13,0.3087401514238424
LV246,AOAH,0.6080451122371888
LV246,AOC2,-0.5016861022383625
LV246,AOX1,0.5625436220444057
LV246,APAF1,1.5063271082827145
LV246,NUDT2,0.03525627444166557
LV246,APOF,-0.909377870357122
LV246,APBA1,1.166927754810931
LV246,APBA2,-0.027218642392775605
LV246,APBB1,0.33759843255363
LV246,APBB2,-0.4326170829774914
LV246,APC,1.2229820669974116
LV246,APCS,-0.4643223011712551
LV246,AIRE,-0.20176063463572974
LV246,APEH,0.2875993564763435
LV246,APEX1,0.0784683105326224
LV246,BIRC2,-1.9626779930584546
LV246,BIRC3,0.7496886796366644
LV246,XIAP,-0.8867919801183435
LV246,BIRC5,0.5365968887575377
LV246,APLP1,-0.11109033114657413
LV246,APLP2,0.15514000275038034
LV246,APOA1,-0.45681077507641893
LV246,APOA2,-0.7839677450803588
LV246,APOA4,0.4215178519660535
LV246,APOB,0.49358517780193906
LV246,APOBEC1,1.2865535553038376
LV246,APOC1,0.815553212347867
LV246,AQP8,-0.4235080945395366
LV246,APOC2,1.4442937222846293
LV246,APOC3,2.4819169939734875
LV246,APOC4,0.9932531996955813
LV246,APOD,0.08540568331668205
LV246,APOE,-0.6912552000782479
LV246,APOH,0.3638539459708423
LV246,APP,-1.1611168332019288
LV246,APRT,1.0682124996215774
LV246,KLK3,-0.10619339546306605
LV246,FAS,-0.3010714124058425
LV246,FASLG,0.5307660125234129
LV246,SHROOM2,-0.9678373827282969
LV246,AQP1,-1.4672612127072413
LV246,AQP2,-0.16547597371254696
LV246,AQP3,1.4878371651474371
LV246,AQP4,-0.5773795066551493
LV246,AQP5,1.1411125190548874
LV246,AQP6,-1.5671338806040076
LV246,AQP7,0.2054453177035838
LV246,AQP9,0.7802111518986068
LV246,AR,2.0549730629206726
LV246,ABCC6,-1.4903146891804573
LV246,ARAF,0.20417352820615509
LV246,ARCN1,-0.6374459720703414
LV246,TRIM23,0.5737713939678245
LV246,AREG,-0.2836781401294706
LV246,ARF1,0.37032899086817905
LV246,ARF3,-0.4871711912142504
LV246,ARF4,-0.28586219932169127
LV246,ARL4D,0.6670423255818809
LV246,ARF5,1.7570567575132825
LV246,ARF6,0.47598599990898915
LV246,ARG1,0.38886750621952004
LV246,ARG2,-0.19562784454898485
LV246,RHOA,1.8427303339119825
LV246,RHOB,-1.6707074720225903
LV246,RHOC,-1.721507933679854
LV246,RND3,-0.5112369472286684
LV246,RHOG,0.706974652749019
LV246,ARHGAP1,1.2122158381320012
LV246,ARHGAP4,0.8340163422988192
LV246,ARHGAP5,1.0175655530450318
LV246,ARHGAP6,0.43044177883940604
LV246,ARHGDIA,-0.2012674110646719
LV246,ARHGDIB,-0.7909396249643847
LV246,ARHGDIG,0.7139263227812935
LV246,RHOH,-0.6783605607265475
LV246,ARL1,0.6858041071117823
LV246,PHOX2A,1.006590534371593
LV246,ARL2,-0.348687476733967
LV246,ARL3,-0.17927506843371488
LV246,ARNT,-0.2811485014987571
LV246,ARNTL,0.9487062441102521
LV246,ARR3,0.42247626333436866
LV246,ARRB1,-0.39887863937612605
LV246,ARRB2,0.533229318423487
LV246,ARSA,1.7685178777641535
LV246,ARSB,0.5475672289505807
LV246,STS,0.39258831289446433
LV246,ARSD,-0.13093944738370777
LV246,ARSE,-0.6590957911753839
LV246,ARSF,0.27116305463556534
LV246,ART1,0.3335585315574963
LV246,ART3,-0.039902682661736466
LV246,ART4,1.4443601833926203
LV246,ARVCF,0.03539494928624276
LV246,ASAH1,0.1093516910993671
LV246,ASCL1,0.46042468464285546
LV246,ASCL2,0.7972982974016766
LV246,ASGR1,-1.512871295639593
LV246,ASGR2,0.5307899589649382
LV246,ASIP,1.5150661146617417
LV246,ASL,-0.8373785011079211
LV246,ASMT,0.657123642640957
LV246,ASNA1,-0.2346667386650368
LV246,ASNS,-0.713602276891089
LV246,ASPA,0.5333964770310831
LV246,ASPH,0.17064688304626163
LV246,ASS1,-1.7938385487677893
LV246,ASTN1,-0.31248820255768367
LV246,SERPINC1,1.0796835440916386
LV246,ZFHX3,-0.31083477875937676
LV246,ATF1,-0.4666376871408308
LV246,ATF3,-0.09405336512606166
LV246,ATF4,-0.1681606020282494
LV246,ATIC,1.0104989613878224
LV246,ATM,-0.5697062111525586
LV246,RERE,-0.8843338719303562
LV246,ATOH1,0.7018621550726627
LV246,ATOX1,1.2591366512070938
LV246,ATP1A1,0.9692366273829995
LV246,ATP1A2,1.107350491325008
LV246,ATP1A3,-0.3679377371273234
LV246,ATP12A,-1.183552455593329
LV246,ATP1A4,-0.41966490565865716
LV246,ATP1B1,0.25477700085369837
LV246,ATP1B2,-1.4043128686500854
LV246,ATP1B3,-0.021039642595324537
LV246,FXYD2,0.8551076895783725
LV246,ATP2A1,-0.40541146750606966
LV246,ATP2A2,2.2473064375482052
LV246,ATP2A3,1.0237274457387506
LV246,ATP2B1,-0.9243596091554398
LV246,ATP2B2,-0.8400083917095507
LV246,ATP2B3,-0.41896978827706427
LV246,ATP2B4,0.9822138029508516
LV246,ATP4A,0.7425178101703067
LV246,ATP4B,-0.2736066197908605
LV246,ATP5A1,0.44966907083730734
LV246,ALDH7A1,1.0729075459017194
LV246,ATP5B,0.7995939075218248
LV246,ATP5C1,-1.3073123262117399
LV246,ATP5D,-0.7937540230083027
LV246,ATP5E,-0.6238395818785467
LV246,ATP5F1,-1.4291212510098914
LV246,ATP5G1,1.131201431347162
LV246,ATP5G2,-0.3552144372851285
LV246,ATP5G3,-0.36666370271238063
LV246,ATP5I,-0.5465259383546486
LV246,ATP5J,0.5803711840734794
LV246,ATP6V1A,0.8423267214828223
LV246,ATP6V1B1,0.9492924910896203
LV246,ATP6V1B2,1.5066367163851642
LV246,ATP6V0C,-0.639848347779234
LV246,ATP6V1C1,1.8910676822299486
LV246,ATP6V1E1,2.7362137338647234
LV246,ATP6V0B,-0.24143868214655811
LV246,ATP6V1G2,-0.07358731290687914
LV246,ATP6V0A1,0.8808382756745317
LV246,ATP6AP1,1.5108524932152216
LV246,ATP7A,0.018116056041415474
LV246,ATP5O,-0.5142946252748537
LV246,ATP7B,2.3458638709871544
LV246,ATR,-0.2110553291667891
LV246,ATRX,-2.433222081437097
LV246,KIF1A,0.818319247177244
LV246,AUH,1.2765257755435613
LV246,AUP1,1.983824421165976
LV246,AVP,2.048003283190735
LV246,AVPR1A,3.3612001611561704
LV246,AVPR1B,-0.2626429925258153
LV246,AVPR2,-0.6858656479294769
LV246,AXL,-1.154087860573477
LV246,AZGP1,1.9928386000694691
LV246,AZU1,-0.14145422957594395
LV246,B2M,-1.379496701972757
LV246,BAAT,-1.7576423725846009
LV246,BACH1,0.4189129267277464
LV246,BAD,-0.13618393931829997
LV246,BAG1,0.6052470150403078
LV246,BAGE,-0.562024196099427
LV246,ADGRB1,-0.44158632843917706
LV246,ADGRB2,0.7597655758148772
LV246,ADGRB3,0.0915937216403725
LV246,BAK1,0.8679107525055532
LV246,NKX3-2,0.16449393797638373
LV246,BARD1,0.00708650101930991
LV246,BAX,0.6522234397991429
LV246,BBS1,-0.03385764959604598
LV246,BBS2,0.468789012027839
LV246,BBS4,0.7375035694159143
LV246,BCAT1,-0.21755981896405135
LV246,BCAT2,0.17451919828367438
LV246,BCHE,0.3939362672195282
LV246,BCKDHA,0.9600291391723006
LV246,BCKDHB,0.5266030713079446
LV246,CCND1,0.5360398335865408
LV246,BCL2,0.7526379254511009
LV246,BCL2A1,-0.019227881030767835
LV246,BCL2L1,0.645489143419274
LV246,BCL2L2,-0.44275505439580304
LV246,BCL3,-1.5258567082044714
LV246,BCL6,0.6977758666320972
LV246,BCL7A,-1.6598420975538728
LV246,BCL9,0.1353309622854202
LV246,TNFRSF17,1.8149200346460965
LV246,HCN2,1.007718681856061
LV246,OPN1SW,-0.724963118023412
LV246,BCR,1.0204521176889645
LV246,BCS1L,0.5249994058879291
LV246,BDH1,-0.5434364201086117
LV246,BDKRB1,0.1901282448371608
LV246,BDKRB2,-0.24245407187637108
LV246,BDNF,-0.022174877357988565
LV246,CFB,0.6195338313211194
LV246,BFSP1,-1.2536658080747185
LV246,BGLAP,1.1300284720414973
LV246,BGN,2.2890038676887077
LV246,CEACAM1,0.13313947613700766
LV246,BHMT,-0.6768466860041071
LV246,BICD1,-0.11412156994474898
LV246,BID,1.5105835694672751
LV246,BIK,-0.2079039995634741
LV246,PRDM1,0.7667705340102
LV246,BLK,2.56378921517635
LV246,BLM,-0.42317240939625406
LV246,BLMH,0.3970538349868501
LV246,CXCR5,-0.2700692091123941
LV246,BLVRA,-0.06967752318795428
LV246,BLVRB,0.4170865080085303
LV246,BNC1,-0.44187624259770825
LV246,BMI1,0.7523126211161353
LV246,BMP1,0.4762061105120995
LV246,BMP2,1.4612439229959047
LV246,BMP3,0.9839698409411366
LV246,BMP4,0.6830125459415379
LV246,BMP5,1.7962236924751465
LV246,BMP6,0.11105629519924404
LV246,BMP7,0.9344724692879731
LV246,BMP8B,-0.3307652410237127
LV246,BMPR1A,1.7336544630735207
LV246,BMPR1B,-0.40745403598000246
LV246,BMPR2,1.2859297904386042
LV246,BMX,-0.3929429464784617
LV246,POLR3D,0.5438052964508007
LV246,BNIP1,-0.7253358165568946
LV246,BNIP2,-0.42710099394088935
LV246,BNIP3,-0.6044414791849353
LV246,BNIP3L,0.7768653649092367
LV246,BOK,0.8680517823863174
LV246,DST,1.0994596290579015
LV246,FOXL2,0.7490066640639637
LV246,BPGM,0.15167428174385358
LV246,BPHL,1.0238884910093198
LV246,BPI,1.9108271015765594
LV246,BRCA1,-0.003991740312548564
LV246,BRAF,-0.3673916765686747
LV246,BRCA2,0.9379453594414262
LV246,BRDT,2.4105911220730656
LV246,ZFP36L1,0.302404993620663
LV246,ZFP36L2,0.06355277652037067
LV246,BRS3,-0.6114506494401992
LV246,BSG,-0.32654686841971653
LV246,BST1,-0.5414253043069892
LV246,BST2,-0.5643728996568123
LV246,BTC,1.4450847663594477
LV246,BTD,1.6597194130710622
LV246,KLF9,0.5008664075190163
LV246,KLF5,0.5067112931367893
LV246,BTF3,1.2218200609599164
LV246,BTG1,0.4308330346331166
LV246,BTK,0.5233761128721621
LV246,BTN1A1,1.0104780020819266
LV246,BUB1,0.3787333693819641
LV246,BUB1B,1.6994570573165495
LV246,BYSL,3.643346969278473
LV246,TSPO,0.42473997838597155
LV246,C1QBP,0.7054220965574924
LV246,SERPING1,-0.39598036484314275
LV246,C1QA,-0.017344472198446648
LV246,C1QB,0.5171364274266157
LV246,C1QC,0.8479338470707969
LV246,C1R,0.2433956562912173
LV246,C1S,-0.7545188991200111
LV246,C2,0.8163817953798187
LV246,C3,-0.09629069431752091
LV246,C3AR1,0.8369794677479103
LV246,C4A,0.21389921029127362
LV246,C4B,0.305029276239052
LV246,C4BPA,0.3558744763745282
LV246,C4BPB,-1.675267597158422
LV246,CAPN5,1.6633258656723258
LV246,C5,-0.4710289387227626
LV246,C5AR1,0.7917138470738667
LV246,C6,0.9834228805564666
LV246,C7,-0.12767293001966412
LV246,C8A,-0.9165102274705073
LV246,C8B,1.0069383089458461
LV246,C8G,-0.5167572445873194
LV246,OSGIN2,0.35048482584798196
LV246,C9,0.8852422835296485
LV246,VPS51,-0.04549922852476612
LV246,MRPL49,-1.279166620288735
LV246,ZNHIT2,-0.24973773775433555
LV246,MPPED2,0.9179208296549184
LV246,MYRF,-0.38756573286130397
LV246,TMEM258,1.2896419915219057
LV246,DAGLA,-1.1107715377216407
LV246,FMNL1,-0.5463734202869028
LV246,LDLRAD4,-1.337483140168055
LV246,PTTG1IP,-0.5460994501345604
LV246,C21orf2,1.903207761713352
LV246,TMEM50B,0.9579159987712509
LV246,MPPED1,0.11923454861964794
LV246,CA1,-0.24110768331807736
LV246,CA2,1.517711349361244
LV246,CA3,0.2511249377078565
LV246,CA4,-0.6169337892297977
LV246,CA5A,1.908308548440255
LV246,CA6,-0.9434448636330481
LV246,CA7,0.5504682828076382
LV246,CA8,1.000021958039732
LV246,CA9,1.3181290460764405
LV246,CA11,2.31881426244981
LV246,CA12,1.1900254481320802
LV246,CACNA1A,-0.3391757854077854
LV246,CACNA1B,1.495995590848502
LV246,CACNA1C,0.6502452651942239
LV246,CACNA1D,-0.8676905162666995
LV246,CACNA1E,-0.7283947274699014
LV246,CACNA1F,-0.4655250832924352
LV246,CACNA1S,-1.811659104404517
LV246,DDR1,0.7663705172818137
LV246,CACNA2D1,0.8945751475763262
LV246,CACNB1,0.8197608903449298
LV246,CACNB2,-0.49223290131865566
LV246,CACNB3,0.2760375949565385
LV246,CACNB4,1.515963848373626
LV246,CACNG1,0.704192894259565
LV246,SLC25A20,0.18193347698012663
LV246,CAD,-0.41363509425725636
LV246,CALB1,0.2814120248238707
LV246,CALB2,1.5941796964611243
LV246,S100G,0.34682822503344446
LV246,CALCA,2.6065912399091915
LV246,CALCB,2.7369754263926636
LV246,CALCR,1.0345381947983505
LV246,CALD1,-1.300783118780796
LV246,CALM1,0.06441940203882501
LV246,CALM2,1.5917668276861505
LV246,CALM3,-0.2365603794542061
LV246,CALML3,-0.3670300046303318
LV246,CALR,0.34185165942220386
LV246,CALU,2.9933676800021054
LV246,CAMK4,-0.15376930846401082
LV246,CAMK2A,-1.625538854806925
LV246,CAMK2B,0.6028927443925989
LV246,CAMK2D,0.7130943637782108
LV246,CAMK2G,1.0574178990441465
LV246,CAMLG,0.3892002269778414
LV246,CAMP,0.65836977070237
LV246,CANX,-0.15337392716768317
LV246,CAPG,1.2728851390261906
LV246,CAPN1,0.28795399349009554
LV246,CAPN2,0.8285264431312893
LV246,CAPN3,-0.42504109765438297
LV246,CAPNS1,1.7016215399951753
LV246,CAPN6,0.5560257636590528
LV246,CAPS,-0.11757878420847889
LV246,CAPZA1,0.35601584285628446
LV246,CAPZA2,-0.7895644464198917
LV246,CAST,-0.291646219012702
LV246,CAPZB,1.1337103402903148
LV246,CARS,0.9148226621797464
LV246,CASP1,1.1461495696593955
LV246,CASP2,1.0177664195913996
LV246,CASP3,0.03107816411846226
LV246,CASP4,0.4113429827726092
LV246,CASP5,2.1966385065459506
LV246,CASP6,0.19920073195923205
LV246,CASP7,-1.227734447473783
LV246,CASP8,0.28811450601526356
LV246,CASP9,-0.11734457242730717
LV246,CASP10,0.1900065094711909
LV246,CASQ1,0.30974822866260343
LV246,CASQ2,-0.7405704319684583
LV246,CASR,0.7064355589483934
LV246,CAT,0.11666321212400299
LV246,CAV1,0.8692316050708657
LV246,CAV2,-0.41961899780470197
LV246,CAV3,-0.7147780739794647
LV246,RUNX2,-0.15982088865223493
LV246,RUNX1,1.9190237506750683
LV246,RUNX1T1,-1.5392267477588883
LV246,CBFA2T3,1.3560879647374904
LV246,RUNX3,0.20992355028312365
LV246,CBFB,1.4082093921661734
LV246,SERPINA6,-0.1349433859196837
LV246,CBL,0.641260735630794
LV246,CBLB,0.6171912871450937
LV246,CBLN1,2.372965846400098
LV246,SERPINH1,0.1266245103998177
LV246,CBR1,0.48565768916751817
LV246,CBR3,-0.5161389213206458
LV246,CBS,0.5452740717957996
LV246,CCIN,-0.49784909390773796
LV246,CCBL1,0.1298875952019773
LV246,CCK,0.6251000060246639
LV246,CCKAR,0.8010623247768816
LV246,CCKBR,-0.6618199617732827
LV246,KRIT1,-0.6415929361304822
LV246,CCNA2,1.408639103182709
LV246,CCNB1,-0.28145313187038407
LV246,CCNC,0.42439379373514885
LV246,CCND2,-0.03853302005064013
LV246,CCND3,-1.3272461156277076
LV246,CCNE1,0.13898243612009914
LV246,CCNF,0.12328599311823163
LV246,CCNG1,2.0098890019198956
LV246,CCNG2,-1.6512142352681944
LV246,CCNH,-0.2820895741168736
LV246,CCNT1,0.8601062354076898
LV246,CCNT2,-0.2887768695671071
LV246,CCT6A,-1.9030771369171073
LV246,CD1A,0.8634773897442054
LV246,CD1B,0.4130159536029581
LV246,CD1C,-0.6000091788987305
LV246,CD1D,-0.74780376877346
LV246,CD1E,-0.4392123016991872
LV246,CD2,0.43294117597780785
LV246,CD3D,0.06322267910116325
LV246,CD3E,-0.41632177781463703
LV246,CD3G,0.5789651813859544
LV246,CD247,1.2772326267417555
LV246,CD4,-0.36325021831214827
LV246,CD5,1.7899704234120435
LV246,CD5L,0.2640198361877896
LV246,CD6,0.8281570877892226
LV246,CD7,0.6477920692700279
LV246,CD8A,0.7249107763672284
LV246,CD8B,0.4611084626857911
LV246,CD9,-2.0220739252373403
LV246,CD14,-0.7212075235112954
LV246,CD19,1.0946293714715298
LV246,MS4A1,-0.8193976840851414
LV246,MS4A3,0.32737055943941923
LV246,CD22,-1.3342350719041542
LV246,CD27,-0.39819882676964874
LV246,CD28,1.7370665992026466
LV246,CD80,0.4524400160979378
LV246,CD86,-0.6525130627496412
LV246,TNFRSF8,-0.4268542047882686
LV246,TNFSF8,-1.4801212155528065
LV246,CD33,0.6558832131071255
LV246,SIGLEC6,-0.04652518132173311
LV246,CD34,0.916697225488418
LV246,CD36,0.9755572757464419
LV246,SCARB1,-0.10976437151714935
LV246,SCARB2,-0.7668455776446532
LV246,CD37,-1.0211507042137407
LV246,CD38,-0.22602260095894816
LV246,ENTPD1,0.1876852954227366
LV246,ENTPD2,1.5370514279936793
LV246,ENTPD6,-0.7799612438974868
LV246,ENTPD3,0.6137982784284901
LV246,ENTPD5,-0.874508584189374
LV246,CD40,-0.41275219720931994
LV246,CD40LG,0.9289868115410946
LV246,CD44,0.6720860919523053
LV246,CD47,-0.3709147674737234
LV246,CD48,-0.48798754218740376
LV246,CD53,1.2521892672747224
LV246,CD58,-0.02314873095428549
LV246,CD59,-0.14940505162255352
LV246,CD63,-0.8935860870363161
LV246,CD68,2.645713869868119
LV246,CD69,1.988738958429055
LV246,CD70,0.6824992739810883
LV246,CD72,2.382157966268343
LV246,CD74,0.666469267803259
LV246,CD79A,-0.15379782977831036
LV246,CD79B,0.7309796213680496
LV246,CD81,1.6081956971014415
LV246,ADGRE5,-0.9055360613172416
LV246,CD151,1.4421812054196108
LV246,CDA,1.3984951403872385
LV246,CDK1,1.7172620784387564
LV246,CDK11B,0.7132705345867553
LV246,LRBA,1.3435432957437385
LV246,CDC5L,-1.479272726196454
LV246,SEPT7,0.18691672147377647
LV246,CDC6,1.272912765399596
LV246,CDC20,0.8013329234442543
LV246,CDC25A,0.5249436803056498
LV246,CDC25B,-0.9804738137791871
LV246,CDC25C,0.09288387410894147
LV246,CDC27,-1.4590967937198642
LV246,CDC34,0.02216781612916291
LV246,CDC42,0.5951955052164264
LV246,CDH1,-0.25002576786556246
LV246,CDH2,0.7456641842148335
LV246,CDH3,0.274220326200776
LV246,CDH4,1.1578847434857833
LV246,CDH5,-0.07911582838842296
LV246,CDH6,-1.3262537431249375
LV246,CDH7,-0.9840887570606074
LV246,CDH8,-0.48699830757337953
LV246,CDH9,0.27354040352127784
LV246,CDH10,0.3730739543144955
LV246,CDH11,-0.4598562740728282
LV246,CDH12,0.3914298891665803
LV246,CDH13,-0.37291174118795883
LV246,CDH15,0.925015708937551
LV246,CDH16,-1.0393406088474009
LV246,CDH17,1.44995579322779
LV246,CDH18,0.5749406995898914
LV246,CDK2,-0.09533248420857793
LV246,CDK3,-0.7692309356073128
LV246,CDK4,0.8591391342238444
LV246,CDK5,-0.2808485852689883
LV246,CDK6,0.9656216092329659
LV246,CDK7,2.150868663934298
LV246,CDK8,0.5030528921695587
LV246,CDK9,0.5776289193059825
LV246,CDKN1A,0.8845356287215049
LV246,CDKN1B,-0.17953420916629098
LV246,CDKN1C,2.2907095665912607
LV246,CDKN2A,0.15563153393473217
LV246,CDKN2B,1.0674277652384532
LV246,CDKN2C,0.7234981463482353
LV246,CDKN2D,-0.18408953219480456
LV246,CDKN3,1.7619697935574363
LV246,CDO1,0.786247475063254
LV246,CDR1,-0.22758078906536922
LV246,CDR2,-0.21635002680350118
LV246,CDS1,-1.4783744348721872
LV246,CDSN,-0.6224791903310298
LV246,CD52,1.2791021849752358
LV246,CDX1,1.2944040371793242
LV246,CDX2,-0.4681300540281453
LV246,CDX4,1.0822249857253154
LV246,CLGN,1.436113142980695
LV246,CEACAM5,1.2392929594149595
LV246,CEBPA,1.7147726069212896
LV246,CEBPB,-1.4190144223148882
LV246,CEBPD,0.6739515068929003
LV246,CEBPE,-0.4750612347821505
LV246,CEBPG,1.1448583961552157
LV246,CEL,-0.2652911929829615
LV246,CENPA,0.57189154429322
LV246,CENPB,1.340712298005342
LV246,CENPC,-1.098753294089671
LV246,CENPE,-0.1857615328876701
LV246,CENPF,-0.24060258527180672
LV246,CES1,0.415444766307235
LV246,CETN1,-1.1176619416370683
LV246,CETN2,1.2189150067995453
LV246,CETN3,2.348274615139033
LV246,CETP,0.14619481895102154
LV246,CFL1,0.9333823514171504
LV246,CFL2,-2.2327701087048664
LV246,CTSC,-0.7917697438337792
LV246,CFTR,1.0542370444757319
LV246,CGA,0.6814716845740165
LV246,CGB,1.048155369385981
LV246,CEACAM3,1.7071864934871512
LV246,CEACAM7,0.4713717281040949
LV246,CEACAM8,0.1299910920591448
LV246,CEACAM4,-0.09622893536494864
LV246,CHAD,0.46784139928529
LV246,RCBTB2,-1.749211960993675
LV246,CHAT,1.8286220716692665
LV246,RCC1,-1.812732667090163
LV246,CHD1,-1.2375896628608756
LV246,CHD2,0.40520375129398783
LV246,CHD3,1.2682373202721708
LV246,CHD4,0.8756501616552741
LV246,AKR1C4,1.81835760638151
LV246,CHEK1,-0.1139949094942258
LV246,FOXN3,-0.3235065080529658
LV246,CHGA,0.8676472130063964
LV246,CHGB,-0.8050031362706047
LV246,CHI3L1,0.5207285899229683
LV246,CHI3L2,0.8221844390139967
LV246,CHIT1,0.6052465705022518
LV246,CHKA,-1.7223020007115528
LV246,CHKB,0.07252915789846129
LV246,CHM,-1.734838653619476
LV57,A1BG,1.3053742440962885
LV57,A2M,0.011999113745683132
LV57,NAT1,1.4393076618373946
LV57,NAT2,1.7615365803986789
LV57,SERPINA3,-0.8975371365822846
LV57,AADAC,1.3575148689466392
LV57,AAMP,0.8433284213279344
LV57,AANAT,1.937799691718116
LV57,AARS,-0.8119245673528013
LV57,ABAT,-0.8236204144417003
LV57,ABCA1,-0.337674907421431
LV57,ABCA2,-1.3910521596841858
LV57,ABCA3,0.5728615058446813
LV57,ABCB7,-0.27440228613562756
LV57,ABCF1,0.6396527828271136
LV57,ABCA4,0.7833775548885658
LV57,ABL1,1.2786624266116637
LV57,AOC1,-0.8811610845356985
LV57,ABL2,1.1691261986792396
LV57,ABO,1.1618955802548374
LV57,ABR,-0.554725665098605
LV57,ACAA1,-0.18275802509577765
LV57,ACACA,-1.0186652830194807
LV57,ACACB,1.6496169639619105
LV57,ACADL,1.7656151737003942
LV57,ACADM,-0.41902109675478827
LV57,ACADS,0.31919213250679623
LV57,ACADSB,0.8257397962699514
LV57,ACADVL,1.1208853325662962
LV57,ACAT1,0.3507464701244387
LV57,ACAT2,2.0677996300578103
LV57,ASIC2,-0.5134949982264874
LV57,ASIC1,1.2766293701510387
LV57,ACHE,0.5146794182596783
LV57,ACLY,0.7113316807798837
LV57,ACO1,-0.31327817872281993
LV57,ACR,-1.3030707318547072
LV57,ACO2,-0.09684417105200038
LV57,ACOX1,0.8915927906968495
LV57,ACP1,-0.41077466898296733
LV57,ACP2,-1.266618592711082
LV57,ACP5,0.2513410616795681
LV57,ACPP,0.39707951839698524
LV57,ACRV1,-0.5787027413332573
LV57,ACTA1,0.3034567724942949
LV57,ACTA2,0.8299676788227082
LV57,ACTB,0.6268194309141881
LV57,ACTC1,1.3324663367341683
LV57,ACTG1,1.5982384285762132
LV57,ACTG2,0.3853872911031947
LV57,ACTN4,-0.3848608004242563
LV57,ACTL6A,-1.3170591426234106
LV57,ACTN1,1.4157735159570803
LV57,ACTN2,0.7618235884432518
LV57,ACTN3,1.421559686526654
LV57,ACVR1,-0.39935196186930344
LV57,ACVR1B,0.5421092689329126
LV57,ACVR2A,-0.3913610908751126
LV57,ACVR2B,-0.47799463143889287
LV57,ACVRL1,-1.033387654317937
LV57,ACY1,0.1887700166561465
LV57,ACYP1,0.8898676964676329
LV57,ACYP2,1.188308277675402
LV57,ADA,0.6519395036778348
LV57,ADAM8,0.13369895526380093
LV57,ADAM10,2.4189179979923017
LV57,ADAR,1.9519629033359922
LV57,ADARB1,1.4287485218491782
LV57,ADARB2,0.5638443428130522
LV57,ADCY1,1.6801392882786266
LV57,ADCY2,-0.34124287180497215
LV57,ADCY3,-0.8530693816128663
LV57,ADCY5,1.0396487246492634
LV57,ADCY6,0.58553768401747
LV57,ADCY7,1.4598939307182763
LV57,ADCY8,-0.36639184199182406
LV57,ADCY9,0.7079323816698697
LV57,ADCYAP1,-0.6203152481040606
LV57,ADCYAP1R1,0.07379661671574989
LV57,ADD1,0.8802797660515214
LV57,ADD2,0.3498080983897517
LV57,ADD3,-0.5206488601342816
LV57,PLIN2,-1.0290925632497343
LV57,ADH1A,0.031557170541227475
LV57,ADH1B,-0.5017046233146588
LV57,ADH1C,-1.0196909906433338
LV57,ADH4,0.5026570667850507
LV57,ADH5,-0.49046955751072974
LV57,ADH6,1.6850375518467828
LV57,ADH7,2.483077068437556
LV57,ADK,1.5318621154738357
LV57,ADM,3.2021221273483054
LV57,ADORA1,-0.7949170596457145
LV57,ADORA2A,-1.2910011986202345
LV57,ADORA2B,0.27718983056853547
LV57,ADORA3,-1.335812703601297
LV57,ADPRH,0.5635592451047495
LV57,PARP1,1.2994930190589908
LV57,PARP4,1.198728643297356
LV57,ADRA1D,1.3926158422686354
LV57,ADRA1B,0.21559869911472923
LV57,ADRA1A,0.35468757470420026
LV57,ADRA2A,0.6661840401103284
LV57,ADRA2B,0.36477899825737214
LV57,ADRA2C,1.3485417899976762
LV57,ADRB1,0.017321409090329365
LV57,ADRB2,0.3784427735459728
LV57,ADRB3,-0.2700949695586765
LV57,ADRBK1,1.379623708073666
LV57,ADRBK2,0.5441701759006223
LV57,ADSL,0.5539085202367796
LV57,ADSS,-0.06407062012693543
LV57,AP2A1,-1.3480337132699083
LV57,AP2A2,-0.032238820396196466
LV57,AP1B1,-1.740472536637683
LV57,AP2B1,0.3506772359435494
LV57,AP1G1,-0.8118347074547494
LV57,AEBP1,1.685650220125323
LV57,AES,-0.22089859792299393
LV57,CRISP1,0.34825737820290636
LV57,AFM,-0.07660404846298752
LV57,AFP,-0.7229783706548685
LV57,AGA,-1.1215319633413385
LV57,ACAN,-2.0936510138513347
LV57,AGER,-0.236546095459771
LV57,AGL,-1.6148826417082274
LV57,AGRP,1.526335074849839
LV57,JAG1,-0.8803548761397726
LV57,AGT,-0.19643068454744272
LV57,AGTR1,0.37811323564486227
LV57,AGTR2,0.2525468424347356
LV57,APLNR,1.5669218636383992
LV57,AGXT,0.33784004417785063
LV57,NR0B1,-0.08001489677391538
LV57,AHCY,0.28775646454713694
LV57,AHR,1.9355096167616332
LV57,AHSG,1.1827160304571473
LV57,AIF1,-1.5399672271059002
LV57,AIM1,0.21501032478076115
LV57,AK1,-0.4973857519412128
LV57,AK2,0.4290724922652342
LV57,AK4,1.0366513795515355
LV57,AKT1,0.42020751360376196
LV57,AKT2,1.012829367164498
LV57,ALAD,2.088586700836252
LV57,ALAS1,-1.322119745820393
LV57,ALAS2,0.37179984182545445
LV57,ALB,0.4711990280621855
LV57,ALCAM,0.8636437054116255
LV57,ABCD1,0.5136236714189046
LV57,ALDH1A1,1.336138818152118
LV57,ALDH2,0.40062456571021676
LV57,ALDH3A1,0.8548033996224639
LV57,ALDH1B1,-1.1218619799943232
LV57,ALDH1A3,0.6162553743829791
LV57,ALDH3B1,-0.7800441819336064
LV57,ALDH3B2,0.9994053507948736
LV57,ALDH9A1,2.1782484021394195
LV57,ALDH3A2,0.3709496869142335
LV57,ABCD2,0.8606321685709213
LV57,ALDOA,1.1722981189130843
LV57,ALDOB,1.8059834140204736
LV57,ALDOC,1.2188012313929373
LV57,AKR1B1,1.6678843550621532
LV57,ALK,-0.08173104211678073
LV57,ALOX12,0.373381340305166
LV57,ALOX5,-1.0010732720152788
LV57,ALOX5AP,2.64983802769951
LV57,ALOX12B,-0.7225199362506094
LV57,ALOX15,1.3652979460121288
LV57,ALOX15B,0.6163707277676713
LV57,ALPI,0.5749682891312848
LV57,ALPL,-0.7089644487942262
LV57,ALPP,0.41896760481162515
LV57,ALPPL2,0.5433163891539766
LV57,ALX3,0.8673242141795143
LV57,AMBN,0.12424856027461051
LV57,AMBP,0.7001222538940783
LV57,AMD1,-0.49363818567499995
LV57,AMELX,1.6632713333332476
LV57,AMELY,-0.18467670951044135
LV57,AMFR,4.048894768378313
LV57,AMH,0.15438948640009897
LV57,AMHR2,-0.17488802400329873
LV57,AMPD1,0.6542884305334202
LV57,AMPD2,0.34186647572313233
LV57,AMPD3,1.559860421460713
LV57,AMPH,1.6940631756396922
LV57,BIN1,-0.1357708454381933
LV57,AMT,-0.17787628613494066
LV57,AMY1A,-0.2541975714067788
LV57,AMY1B,0.9642398745993919
LV57,AMY1C,1.4722894662257007
LV57,AMY2A,1.159405837393284
LV57,AMY2B,0.35979257100857165
LV57,ANG,0.5408434112426548
LV57,ANGPT1,1.1656216033193245
LV57,ANGPT2,1.746935840610768
LV57,ANK1,0.47314324422236037
LV57,ANK2,1.6801413128320013
LV57,ANK3,0.17863856626698132
LV57,ANPEP,0.7093577377938404
LV57,SLC25A4,1.6357555882188513
LV57,SLC25A5,-0.3439895256135481
LV57,SLC25A6,-1.2006966753708734
LV57,ANXA1,-0.5921545292808152
LV57,ANXA2,0.3650023473285785
LV57,ANXA3,-0.5191756987094863
LV57,ANXA4,0.3805219995257414
LV57,ANXA5,1.865353883076532
LV57,ANXA6,0.15065479707606905
LV57,ANXA7,1.8201659232186458
LV57,ANXA11,1.3642483146453375
LV57,ANXA13,-0.5523345781302393
LV57,AOAH,1.4629270794283589
LV57,AOC2,1.3607784936829184
LV57,AOX1,1.4756211815555011
LV57,APAF1,0.7110002248381988
LV57,NUDT2,0.7730892686871416
LV57,APOF,-0.04880358954186825
LV57,APBA1,-0.36673021813936946
LV57,APBA2,0.45362684572779843
LV57,APBB1,1.2139922993564634
LV57,APBB2,-0.08561445693134784
LV57,APC,2.131851711574372
LV57,APCS,0.07682179610274964
LV57,AIRE,0.8450251601702143
LV57,APEH,-0.8100624179528539
LV57,APEX1,2.0722284103022695
LV57,BIRC2,1.2551253687060298
LV57,BIRC3,1.8265612358310304
LV57,XIAP,-0.6571611545466103
LV57,BIRC5,1.9804199632604067
LV57,APLP1,1.0225050995209983
LV57,APLP2,-0.056945271884841886
LV57,APOA1,0.16117617010073992
LV57,APOA2,-0.931693918441151
LV57,APOA4,0.3850090261997082
LV57,APOB,1.4540756620139603
LV57,APOBEC1,-0.2874705560170361
LV57,APOC1,0.9451390992138369
LV57,AQP8,-0.632262707392665
LV57,APOC2,-2.0864020367079537
LV57,APOC3,0.37947247101031734
LV57,APOC4,2.029339990695939
LV57,APOD,1.7515578825268228
LV57,APOE,-0.11503478666031142
LV57,APOH,1.8069674709995305
LV57,APP,1.5836069574303224
LV57,APRT,0.9167957697639078
LV57,KLK3,0.1855338985100699
LV57,FAS,1.5164005351984013
LV57,FASLG,0.43817811938433304
LV57,SHROOM2,0.13362473393970087
LV57,AQP1,1.5703705086493291
LV57,AQP2,-0.16912587440110338
LV57,AQP3,1.1945191638226051
LV57,AQP4,1.995314872036564
LV57,AQP5,-0.16908286676177653
LV57,AQP6,0.6823015675941582
LV57,AQP7,1.037958304003629
LV57,AQP9,-1.2516505753638343
LV57,AR,0.004269437454635205
LV57,ABCC6,-0.05733058276797165
LV57,ARAF,-0.047631929915246396
LV57,ARCN1,-0.3817630026388589
LV57,TRIM23,1.7660392153776365
LV57,AREG,-0.4237195264459246
LV57,ARF1,0.3703655181400799
LV57,ARF3,1.0666697134484506
LV57,ARF4,2.030049936547471
LV57,ARL4D,-1.1261690377641882
LV57,ARF5,-0.8338739003255602
LV57,ARF6,-0.5895602168746559
LV57,ARG1,0.1589521669977665
LV57,ARG2,1.394412613362425
LV57,RHOA,0.3272448687037026
LV57,RHOB,0.6109224983191588
LV57,RHOC,1.9919274842855978
LV57,RND3,0.14456061650234142
LV57,RHOG,0.6361838702403732
LV57,ARHGAP1,2.440761473318352
LV57,ARHGAP4,1.2512473892757343
LV57,ARHGAP5,-0.1365586291784503
LV57,ARHGAP6,-0.1744691857495193
LV57,ARHGDIA,1.5892012869715524
LV57,ARHGDIB,-0.663996055589307
LV57,ARHGDIG,-0.4068361863484693
LV57,RHOH,1.2796802140312589
LV57,ARL1,1.8150489960363767
LV57,PHOX2A,2.150858794291376
LV57,ARL2,-0.4967963001101672
LV57,ARL3,0.998935717295852
LV57,ARNT,-2.8351698578740976
LV57,ARNTL,-0.36078020502906427
LV57,ARR3,3.4218385369545183
LV57,ARRB1,2.0545339236058586
LV57,ARRB2,1.211134460826648
LV57,ARSA,-0.42434059806838376
LV57,ARSB,-0.7508424857878448
LV57,STS,1.6132174253245832
LV57,ARSD,0.35118100938941804
LV57,ARSE,-0.300910280209034
LV57,ARSF,1.2394387022455828
LV57,ART1,1.1971385358564754
LV57,ART3,-0.18510606285184072
LV57,ART4,0.07641106327828562
LV57,ARVCF,2.729678159686854
LV57,ASAH1,-0.4629741750955817
LV57,ASCL1,1.533204941914983
LV57,ASCL2,-0.1837117066205598
LV57,ASGR1,-0.3371981249287055
LV57,ASGR2,-0.5254806644511651
LV57,ASIP,0.3984108581410076
LV57,ASL,0.49852530141983004
LV57,ASMT,1.259025776986612
LV57,ASNA1,-0.22309051836367644
LV57,ASNS,0.9282582504134422
LV57,ASPA,-0.04277395160469527
LV57,ASPH,-0.21337638735469522
LV57,ASS1,1.15166571806637
LV57,ASTN1,0.9673653749894444
LV57,SERPINC1,-1.003331393086516
LV57,ZFHX3,0.6664521396018466
LV57,ATF1,-1.317725805145968
LV57,ATF3,-0.5609203520798491
LV57,ATF4,2.1207602654047832
LV57,ATIC,1.8157597760421875
LV57,ATM,0.30415460261467037
LV57,RERE,1.0944857022802177
LV57,ATOH1,1.7578677488811179
LV57,ATOX1,2.213980551251935
LV57,ATP1A1,2.202346589379202
LV57,ATP1A2,-0.28368936901432884
LV57,ATP1A3,0.42979161784022335
LV57,ATP12A,0.5841637943147986
LV57,ATP1A4,-1.9502681758336384
LV57,ATP1B1,-0.28484167460032983
LV57,ATP1B2,0.8604262304901149
LV57,ATP1B3,0.24479490710727464
LV57,FXYD2,-0.14460086053046584
LV57,ATP2A1,-0.716056651562377
LV57,ATP2A2,-0.12251056987689346
LV57,ATP2A3,0.4275116267733533
LV57,ATP2B1,0.13604893301042825
LV57,ATP2B2,1.589778961761429
LV57,ATP2B3,1.2654771310306994
LV57,ATP2B4,-0.8371807150593842
LV57,ATP4A,1.385413631482243
LV57,ATP4B,0.47904465727440915
LV57,ATP5A1,1.2127830463457863
LV57,ALDH7A1,-0.20754959030246334
LV57,ATP5B,1.346646427421542
LV57,ATP5C1,-0.2636605782298801
LV57,ATP5D,1.4695720160882173
LV57,ATP5E,0.4201712517970109
LV57,ATP5F1,0.19149279445622558
LV57,ATP5G1,-0.8679148850149854
LV57,ATP5G2,-1.1606344747342723
LV57,ATP5G3,1.3138087621375392
LV57,ATP5I,-0.6688828159602382
LV57,ATP5J,-0.7240583410521249
LV57,ATP6V1A,0.8459373030772236
LV57,ATP6V1B1,0.46975967528880447
LV57,ATP6V1B2,1.0303695869122347
LV57,ATP6V0C,-0.861290687655184
LV57,ATP6V1C1,-1.6722570204073255
LV57,ATP6V1E1,-0.45767557924731994
LV57,ATP6V0B,1.4448735672292574
LV57,ATP6V1G2,0.414188579833533
LV57,ATP6V0A1,0.8846176641211356
LV57,ATP6AP1,0.9676786669647252
LV57,ATP7A,0.6147059206889622
LV57,ATP5O,0.6166765814971515
LV57,ATP7B,0.24155340659443805
LV57,ATR,0.6665892585327643
LV57,ATRX,0.772200243659755
LV57,KIF1A,-0.2005431429651542
LV57,AUH,1.0469361579713663
LV57,AUP1,0.4481506645597683
LV57,AVP,0.3662836025184525
LV57,AVPR1A,0.2926907769111712
LV57,AVPR1B,1.3285064500797912
LV57,AVPR2,0.3056027947675446
LV57,AXL,1.6390110944567353
LV57,AZGP1,-0.5504775687477961
LV57,AZU1,1.0245886618697249
LV57,B2M,-1.0892269696600199
LV57,BAAT,0.5025650856654792
LV57,BACH1,-0.05112790460503447
LV57,BAD,-0.006200258650657986
LV57,BAG1,-0.5839288385361818
LV57,BAGE,0.4240472216690336
LV57,ADGRB1,0.990934716334348
LV57,ADGRB2,-1.3805275772193497
LV57,ADGRB3,0.31969947261421494
LV57,BAK1,0.6304183503626672
LV57,NKX3-2,1.0539357488406482
LV57,BARD1,0.8023498891714009
LV57,BAX,-0.6281608466520263
LV57,BBS1,1.4367830762970817
LV57,BBS2,-0.41856057936891966
LV57,BBS4,0.9387931103523097
LV57,BCAT1,0.6366756018258225
LV57,BCAT2,-0.1336264401547771
LV57,BCHE,-0.45935819980329606
LV57,BCKDHA,0.2307359221850264
LV57,BCKDHB,1.8727764487423886
LV57,CCND1,1.0803192147882354
LV57,BCL2,-0.1312960208331534
LV57,BCL2A1,1.1673916215714828
LV57,BCL2L1,2.100476185266736
LV57,BCL2L2,2.59312106659978
LV57,BCL3,-1.2632385285200134
LV57,BCL6,1.1685304705704906
LV57,BCL7A,1.2738790738816164
LV57,BCL9,-0.3561841776992265
LV57,TNFRSF17,-1.4097822734946202
LV57,HCN2,1.7053830737772493
LV57,OPN1SW,-0.013104160836038381
LV57,BCR,-1.1640966679138203
LV57,BCS1L,-0.6175679813038784
LV57,BDH1,1.1773188458727204
LV57,BDKRB1,2.6245763721527497
LV57,BDKRB2,1.3768898959918023
LV57,BDNF,-0.4071983141961898
LV57,CFB,1.7145622569983963
LV57,BFSP1,-1.41642137741787
LV57,BGLAP,1.4412327216380694
LV57,BGN,1.3734642102533585
LV57,CEACAM1,2.2408982047663075
LV57,BHMT,1.4305452058511838
LV57,BICD1,1.5914623075216958
LV57,BID,0.571916247771331
LV57,BIK,0.1259909950315068
LV57,PRDM1,0.4935457843267224
LV57,BLK,2.383158536610413
LV57,BLM,-0.10088339804451674
LV57,BLMH,0.4127774315138639
LV57,CXCR5,0.008303343202700375
LV57,BLVRA,1.141772201217402
LV57,BLVRB,0.9508762121538957
LV57,BNC1,2.5046229940630536
LV57,BMI1,2.645299455278936
LV57,BMP1,1.6062900664376876
LV57,BMP2,1.3691031741967827
LV57,BMP3,0.3447962869574188
LV57,BMP4,-1.0097537501949692
LV57,BMP5,0.6450110859252703
LV57,BMP6,0.521188749224001
LV57,BMP7,-0.6501379627506523
LV57,BMP8B,0.6986352372987392
LV57,BMPR1A,1.453605380188872
LV57,BMPR1B,-0.4085929732940532
LV57,BMPR2,1.364815199015721
LV57,BMX,0.8923814042242473
LV57,POLR3D,-0.06177282791324945
LV57,BNIP1,0.5930327691873424
LV57,BNIP2,1.2360252623854917
LV57,BNIP3,0.3001112347392792
LV57,BNIP3L,0.41968409206664214
LV57,BOK,1.8003051579722276
LV57,DST,1.0407137190305953
LV57,FOXL2,1.0190541021624508
LV57,BPGM,-0.021834901369779336
LV57,BPHL,1.1872592754326854
LV57,BPI,1.984108736657433
LV57,BRCA1,-0.4618852634420717
LV57,BRAF,-1.1719547492841216
LV57,BRCA2,-0.3234887408047127
LV57,BRDT,0.3487330521284764
LV57,ZFP36L1,-0.5276982641854021
LV57,ZFP36L2,-1.2187580880422213
LV57,BRS3,2.129569603350477
LV57,BSG,0.056677370658229975
LV57,BST1,-0.34236710031667594
LV57,BST2,-2.4104818424220182
LV57,BTC,1.3865587173065452
LV57,BTD,-1.0846144263414457
LV57,KLF9,1.7954325432239993
LV57,KLF5,1.041635525969887
LV57,BTF3,0.6909124832556964
LV57,BTG1,0.25745049331858755
LV57,BTK,1.436842767406658
LV57,BTN1A1,-0.09796811295707075
LV57,BUB1,0.8454304206393749
LV57,BUB1B,-0.028695316707807783
LV57,BYSL,0.1560087726203298
LV57,TSPO,2.0532746544726006
LV57,C1QBP,1.5933967734464602
LV57,SERPING1,-0.46789778372015667
LV57,C1QA,-0.3971529883342729
LV57,C1QB,0.5114946663600094
LV57,C1QC,0.33816955854660724
LV57,C1R,0.9685171440744375
LV57,C1S,0.08843931365275165
LV57,C2,-0.5809434446982589
LV57,C3,1.3019616330454138
LV57,C3AR1,0.2456713319225487
LV57,C4A,1.16147658805152
LV57,C4B,-0.43788458013543674
LV57,C4BPA,1.9930611171110433
LV57,C4BPB,0.7489198300368906
LV57,CAPN5,0.7327600519286649
LV57,C5,0.8533303341106167
LV57,C5AR1,-1.1212931054781885
LV57,C6,1.1796011027072069
LV57,C7,-0.05557055695192825
LV57,C8A,-0.6680262915612267
LV57,C8B,0.8583342930883677
LV57,C8G,2.2098012811626644
LV57,OSGIN2,-0.24141306373911897
LV57,C9,2.0330959251023177
LV57,VPS51,-1.7693719747194632
LV57,MRPL49,0.7727237655741461
LV57,ZNHIT2,-0.13666117815533307
LV57,MPPED2,0.7213642379569493
LV57,MYRF,2.6332603483481227
LV57,TMEM258,1.1503292211512148
LV57,DAGLA,-1.0434560671706268
LV57,FMNL1,1.9465006333296953
LV57,LDLRAD4,-0.6062076360375799
LV57,PTTG1IP,-0.11039710674150038
LV57,C21orf2,-0.4516335194825356
LV57,TMEM50B,0.5985122893863128
LV57,MPPED1,0.3516500534343904
LV57,CA1,2.1232375117006024
LV57,CA2,0.8183803047249334
LV57,CA3,1.1729626701686122
LV57,CA4,0.3138486960199143
LV57,CA5A,1.6112150458788692
LV57,CA6,-0.5849698321959771
LV57,CA7,-0.9925191178833868
LV57,CA8,1.377163906548326
LV57,CA9,1.2388785771342774
LV57,CA11,0.5293724973439867
LV57,CA12,2.762224626907292
LV57,CACNA1A,-0.42684508949301203
LV57,CACNA1B,1.9269903891796107
LV57,CACNA1C,2.0320516542395697
LV57,CACNA1D,-0.7723521174223471
LV57,CACNA1E,1.0489021066216626
LV57,CACNA1F,1.2834861295116702
LV57,CACNA1S,0.3523590070364721
LV57,DDR1,0.3622435394524929
LV57,CACNA2D1,0.4354459154371455
LV57,CACNB1,-0.38578097739396067
LV57,CACNB2,-0.9055508023353258
LV57,CACNB3,1.2864523102707652
LV57,CACNB4,0.7221535722246597
LV57,CACNG1,0.5272364010917234
LV57,SLC25A20,1.0292517455806114
LV57,CAD,-0.3257176371962185
LV57,CALB1,-0.16260071117830732
LV57,CALB2,1.310521239001221
LV57,S100G,0.4907498814936611
LV57,CALCA,0.9874335066003417
LV57,CALCB,1.5888882684610768
LV57,CALCR,2.2595246795827206
LV57,CALD1,-0.42933383429519245
LV57,CALM1,-0.08959750578684034
LV57,CALM2,-0.9608197717088156
LV57,CALM3,-0.21203392326246806
LV57,CALML3,1.0028425445203393
LV57,CALR,-0.055980260164361195
LV57,CALU,2.6944209425962455
LV57,CAMK4,0.052138722700646345
LV57,CAMK2A,-1.3208633299039527
LV57,CAMK2B,-0.42184777394878914
LV57,CAMK2D,2.5954694931556803
LV57,CAMK2G,-0.41895763372188577
LV57,CAMLG,0.41093219649289997
LV57,CAMP,-0.3455455069304446
LV57,CANX,-0.6294082272989607
LV57,CAPG,1.657235134597988
LV57,CAPN1,-0.7229584720054607
LV57,CAPN2,-1.3307588845940452
LV57,CAPN3,-0.2718365909304584
LV57,CAPNS1,-0.1880513300650387
LV57,CAPN6,0.9252994239403368
LV57,CAPS,0.5962768301132078
LV57,CAPZA1,1.7334097839683373
LV57,CAPZA2,0.2716231600479946
LV57,CAST,0.9220121389194548
LV57,CAPZB,0.9865804474003556
LV57,CARS,1.5166023152353718
LV57,CASP1,-0.7515238151947188
LV57,CASP2,0.14592596356792226
LV57,CASP3,-2.2778889816336108
LV57,CASP4,-0.32303173812980923
LV57,CASP5,-0.7525170043069258
LV57,CASP6,-0.4039469471154654
LV57,CASP7,2.044270412959989
LV57,CASP8,1.5122845756284098
LV57,CASP9,-1.0504625579873268
LV57,CASP10,2.288754956468809
LV57,CASQ1,1.764716806341835
LV57,CASQ2,0.6584562912070954
LV57,CASR,0.36953212467336816
LV57,CAT,0.3335893348762957
LV57,CAV1,0.43370140777491184
LV57,CAV2,1.1272767764702092
LV57,CAV3,0.1918078490877821
LV57,RUNX2,1.4694425224058323
LV57,RUNX1,0.1315088803700249
LV57,RUNX1T1,-0.23342071792025887
LV57,CBFA2T3,0.3182201479001515
LV57,RUNX3,0.7909929436009626
LV57,CBFB,0.8816876033139913
LV57,SERPINA6,0.4399119531204834
LV57,CBL,-1.0734442381407134
LV57,CBLB,-0.910308903234422
LV57,CBLN1,-1.2768443176447166
LV57,SERPINH1,0.1721780281989192
LV57,CBR1,1.1366108903116194
LV57,CBR3,0.47918717728274596
LV57,CBS,0.4026981146586347
LV57,CCIN,-0.03498270439043605
LV57,CCBL1,0.10627541077780134
LV57,CCK,-0.22421506267282976
LV57,CCKAR,1.5219468508861997
LV57,CCKBR,-0.7958324661395115
LV57,KRIT1,-0.4383632800967139
LV57,CCNA2,0.9377975173367024
LV57,CCNB1,0.0849975401360209
LV57,CCNC,1.1168940482330996
LV57,CCND2,-0.011332588464743998
LV57,CCND3,0.8833942025880444
LV57,CCNE1,0.6846613225336695
LV57,CCNF,-0.8364578305027763
LV57,CCNG1,1.0171803292899138
LV57,CCNG2,1.726752135839783
LV57,CCNH,-0.21333186707984675
LV57,CCNT1,0.3256243745993139
LV57,CCNT2,1.100607341128078
LV57,CCT6A,2.006775704688881
LV57,CD1A,0.824404555095192
LV57,CD1B,2.8041128452118675
LV57,CD1C,0.0640116574393147
LV57,CD1D,2.4023230082009173
LV57,CD1E,-0.27588006721717606
LV57,CD2,0.44730939779942785
LV57,CD3D,-0.4416632811494815
LV57,CD3E,1.4645824778034733
LV57,CD3G,1.109573486818198
LV57,CD247,-1.2716840340680953
LV57,CD4,-2.157823929036188
LV57,CD5,2.6341535200419193
LV57,CD5L,0.17891705527987878
LV57,CD6,-1.2011963655170992
LV57,CD7,-0.4313006316882432
LV57,CD8A,0.005669717385584194
LV57,CD8B,2.0546336329178603
LV57,CD9,0.9144690749517408
LV57,CD14,0.5160118493990056
LV57,CD19,-0.48178233762623934
LV57,MS4A1,1.1383710221048582
LV57,MS4A3,-1.2915903390603702
LV57,CD22,1.5942870866643566
LV57,CD27,1.4430378683061003
LV57,CD28,-0.00339090300993361
LV57,CD80,-1.0388906895384344
LV57,CD86,-0.15499028642768076
LV57,TNFRSF8,0.3435249310363876
LV57,TNFSF8,2.47784111401959
LV57,CD33,2.17150567682648
LV57,SIGLEC6,-0.17968713625901678
LV57,CD34,-0.2986513314858692
LV57,CD36,-0.9061752108040748
LV57,SCARB1,0.8441717816479299
LV57,SCARB2,-0.08167215282635532
LV57,CD37,1.1691656740874272
LV57,CD38,0.5326215940167867
LV57,ENTPD1,-0.07940163411797696
LV57,ENTPD2,-0.5407830181848109
LV57,ENTPD6,-1.1358862594471777
LV57,ENTPD3,1.0484381547037644
LV57,ENTPD5,-0.8604067441478149
LV57,CD40,1.1701768038912983
LV57,CD40LG,-1.197004520186905
LV57,CD44,-2.0858525089417066
LV57,CD47,0.47395775388626254
LV57,CD48,-0.13600154988412805
LV57,CD53,1.379560404771097
LV57,CD58,0.4608137100352149
LV57,CD59,0.3865044382621459
LV57,CD63,1.3280414485716023
LV57,CD68,-0.19538828827458843
LV57,CD69,1.1036540429852997
LV57,CD70,2.922222155200057
LV57,CD72,0.6947937764249601
LV57,CD74,-0.45348517274560485
LV57,CD79A,0.43446810672001646
LV57,CD79B,-0.3318407101233227
LV57,CD81,0.13629157497859123
LV57,ADGRE5,2.1424298993145348
LV57,CD151,-0.5109875477875683
LV57,CDA,-0.7545991613590421
LV57,CDK1,0.9947084935152654
LV57,CDK11B,0.07205197102715943
LV57,LRBA,0.31001714177964246
LV57,CDC5L,-0.14442617500425503
LV57,SEPT7,0.7233118578413438
LV57,CDC6,1.9523087782659698
LV57,CDC20,1.1205921800680156
LV57,CDC25A,0.06486416052487681
LV57,CDC25B,0.13042803731331726
LV57,CDC25C,-0.4250793068721913
LV57,CDC27,-0.3973163056797001
LV57,CDC34,1.4246069390748883
LV57,CDC42,1.0249966682907306
LV57,CDH1,0.9524157363165268
LV57,CDH2,0.9892088685912936
LV57,CDH3,-0.13468163728728177
LV57,CDH4,0.48165768490367433
LV57,CDH5,1.0114797304274608
LV57,CDH6,2.0952657477338468
LV57,CDH7,0.754459263300234
LV57,CDH8,0.5698261429909377
LV57,CDH9,-0.2880986063890357
LV57,CDH10,1.527464677763046
LV57,CDH11,0.25220075987329793
LV57,CDH12,0.7556302282317242
LV57,CDH13,0.895991551891123
LV57,CDH15,-0.2706485818395964
LV57,CDH16,0.7964657901944372
LV57,CDH17,1.6309710686713623
LV57,CDH18,-0.3722395976148023
LV57,CDK2,-0.008308040157449015
LV57,CDK3,-0.3047037556248807
LV57,CDK4,0.6088016526119606
LV57,CDK5,2.591384532799762
LV57,CDK6,0.834388540318282
LV57,CDK7,1.746263103806352
LV57,CDK8,0.7523602290725999
LV57,CDK9,0.09248682820778603
LV57,CDKN1A,0.52538828938619
LV57,CDKN1B,0.7455546742115453
LV57,CDKN1C,0.3201390851252546
LV57,CDKN2A,0.4466460874532385
LV57,CDKN2B,0.5998036662649963
LV57,CDKN2C,-0.11318124815871355
LV57,CDKN2D,2.0251917813960763
LV57,CDKN3,0.9449836436592038
LV57,CDO1,0.3911881353877753
LV57,CDR1,-0.05656571302398383
LV57,CDR2,0.8809263083430887
LV57,CDS1,-0.2566365844542037
LV57,CDSN,-0.7270740598398426
LV57,CD52,0.14098766510445532
LV57,CDX1,1.746465813679363
LV57,CDX2,0.3081417174849771
LV57,CDX4,0.6822524786785639
LV57,CLGN,-0.4456320956768369
LV57,CEACAM5,1.0161347784393948
LV57,CEBPA,-0.03653694195915613
LV57,CEBPB,-0.061075495373230204
LV57,CEBPD,-0.26542766751856683
LV57,CEBPE,0.37013901085165213
LV57,CEBPG,-0.5428259225694084
LV57,CEL,0.09610843558521087
LV57,CENPA,0.3063050849508529
LV57,CENPB,-0.45372879507300756
LV57,CENPC,-1.435662812542357
LV57,CENPE,0.9277881126454544
LV57,CENPF,-0.7413215500283594
LV57,CES1,-1.4422708603678898
LV57,CETN1,0.49745530039999125
LV57,CETN2,0.44339609694526994
LV57,CETN3,1.5896802685350024
LV57,CETP,1.7604697560652978
LV57,CFL1,-1.6941761636975043
LV57,CFL2,-0.0784736664653869
LV57,CTSC,0.7566878239454744
LV57,CFTR,-0.8443168471047731
LV57,CGA,1.6169408147028648
LV57,CGB,0.8295404763536762
LV57,CEACAM3,-0.17939646328328462
LV57,CEACAM7,-0.03346048302139021
LV57,CEACAM8,0.8015823339676227
LV57,CEACAM4,2.57960848350422
LV57,CHAD,2.3932408700348433
LV57,RCBTB2,-0.9312071081219382
LV57,CHAT,1.0883272763404692
LV57,RCC1,-0.9673335792069115
LV57,CHD1,0.35781071653022956
LV57,CHD2,-0.4933489437744153
LV57,CHD3,0.2015030808922928
LV57,CHD4,0.05333543489297271
LV57,AKR1C4,0.8488482446129066
LV57,CHEK1,-0.2561258086296644
LV57,FOXN3,1.1780862436646675
LV57,CHGA,0.3689695278953832
LV57,CHGB,-0.4206177824582972
LV57,CHI3L1,1.928536799861327
LV57,CHI3L2,0.8152712490533808
LV57,CHIT1,0.2785266061177416
LV57,CHKA,0.5762111649640851
LV57,CHKB,1.1836657916105426
LV57,CHM,0.35378646690773474
